Cadence Genus(TM) Synthesis Solution.
Copyright 2024 Cadence Design Systems, Inc. All rights reserved worldwide.
Cadence and the Cadence logo are registered trademarks and Genus is a trademark
of Cadence Design Systems, Inc. in the United States and other countries.

[19:20:17.518562] Configured Lic search path (21.01-s002): 5280@melicense.embedded.ufcg.edu.br:2718@10.75.13.24

Version: 21.19-s055_1, built Wed May 29 12:33:07 PDT 2024
Options: -files genus_script.tcl 
Date:    Fri Jul 24 19:20:17 2026
Host:    xmen12 (x86_64 w/Linux 4.18.0-553.58.1.el8_10.x86_64) (24cores*32cpus*1physical cpu*Intel(R) Core(TM) i9-14900F 36864KB) (32472992KB)
PID:     8361
OS:      Rocky Linux release 8.10 (Green Obsidian)


[19:20:17.098618] Periodic Lic check successful
[19:20:17.098626] Feature usage summary:
[19:20:17.098626] Genus_Synthesis
Checking out license: Genus_Synthesis


***********************************************************************************************************
***********************************************************************************************************



Loading tool scripts...
Finished loading tool scripts (3 seconds elapsed).

#@ Processing -files option
@genus 1> source genus_script.tcl
#@ Begin verbose source ./genus_script.tcl
@file(genus_script.tcl) 1: set_db init_lib_search_path ../lib/
  Setting attribute of root '/': 'init_lib_search_path' = ../lib/
@file(genus_script.tcl) 2: set_db init_hdl_search_path ../rtl/
  Setting attribute of root '/': 'init_hdl_search_path' = ../rtl/
@file(genus_script.tcl) 3: read_libs slow_vdd1v0_basicCells.lib

Threads Configured:3

  Message Summary for Library slow_vdd1v0_basicCells.lib:
  *******************************************************
  Missing a function attribute in the output pin definition. [LBR-518]: 1
  *******************************************************
 
Info    : Created nominal operating condition. [LBR-412]
        : Operating condition '_nominal_' was created for the PVT values (1.000000, 0.900000, 125.000000) in library 'slow_vdd1v0_basicCells.lib'.
        : The nominal operating condition is represented, either by the nominal PVT values specified in the library source (via nom_process,nom_voltage and nom_temperature respectively), or by the default PVT values (1.0,1.0,1.0).
Warning : Library cell has no output pins defined. [LBR-9]
        : Library cell 'ANTENNA' must have an output pin.
        : Add the missing output pin(s), then reload the library. Else the library cell will be marked as timing model i.e. unusable. Timing_model means that the cell does not have any defined function. If there is no output pin, Genus will mark library cell as unusable i.e. the attribute 'usable' will be marked to 'false' on the libcell. Therefore, the cell is not used for mapping and it will not be picked up from the library for synthesis. If you query the attribute 'unusable_reason' on the libcell; result will be: 'Library cell has no output pins.'Note: The message LBR-9 is only for the logical pins and not for the power_ground pins. Genus will depend upon the output function defined in the pin group (output pin) of the cell, to use it for mapping. The pg_pin will not have any function defined.
Warning : Library cell has no output pins defined. [LBR-9]
        : Library cell 'ANTENNA' must have an output pin.
@file(genus_script.tcl) 5: read_hdl -sv core_pkg.sv fp_new.sv multiplier.sv ex_stage.sv
@file(genus_script.tcl) 6: elaborate
  Library has 324 usable logic and 128 usable sequential lib-cells.
Info    : Elaborating Design. [ELAB-1]
        : Elaborating top-level block 'ex_stage' from file '../rtl/ex_stage.sv'.
Warning : Using default parameter value for module elaboration. [CDFG-818]
        : Elaborating block 'ex_stage' with default parameters value.
Warning : In legacy_ui mode, Genus creates a blackbox as description for a module is not found. Black boxes represent unresolved references in the design and are usually not expected. Another possible reason is, some libraries are not read and the tool could not get the content for some macros or lib_cells. [CDFG-428]
        : A blackbox was created for instance 'alu_inst' in file '../rtl/ex_stage.sv' on line 232.
        : Check the kind of module a black box is. If it is a lib_cell or a macro, check why the corresponding .lib was not read in. This could be either due to a missing or faulty file or due to an incomplete init_lib_search_path attribute value making restricting access to the missing file. If it is a module of your design, verify whether the path to this module is a part of the files you read or else check that the init_hdl_search_path attribute is not missing some paths.
Warning : In legacy_ui mode, Genus creates a blackbox as description for a module is not found. Black boxes represent unresolved references in the design and are usually not expected. Another possible reason is, some libraries are not read and the tool could not get the content for some macros or lib_cells. [CDFG-428]
        : A blackbox was created for instance 'fpu_inst' in file '../rtl/ex_stage.sv' on line 309.
Warning : Unreachable statements for case item. [CDFG-472]
        : Case item 'default' in module 'ex_stage' in file '../rtl/ex_stage.sv' on line 344.
Warning : In legacy_ui mode, Genus creates a blackbox as description for a module is not found. Black boxes represent unresolved references in the design and are usually not expected. Another possible reason is, some libraries are not read and the tool could not get the content for some macros or lib_cells. [CDFG-428]
        : A blackbox was created for instance 'divisor' in file '../rtl/ex_stage.sv' on line 370.
Warning : Unreachable statements for case item. [CDFG-472]
        : Case item 'default' in module 'ex_stage' in file '../rtl/ex_stage.sv' on line 391.
Warning : Removing unused register. [CDFG-508]
        : Removing unused flip-flop register 'operation' in module 'multiplier' in file '../rtl/multiplier.sv' on line 33.
        : Genus removes the flip-flop or latch inferred for an unused signal or variable. To preserve the flip-flop or latch, set the hdl_preserve_unused_registers attribute to true or use a pragma in the RTL.
Warning : Generated logic differs from the expected logic. [CDFG2G-615]
        : Signal 'in_ready_o' in module 'multiplier' modeled as latch instead of wire in file '../rtl/multiplier.sv' on line 19, column 35.
        : The logic generated for an always_comb, always_latch or always_ff process may not match the behavior specified in the input HDL.
Warning : Generated logic differs from the expected logic. [CDFG2G-615]
        : Signal 'out_valid_o' in module 'multiplier' modeled as latch instead of wire in file '../rtl/multiplier.sv' on line 22, column 36.
Warning : Generated logic differs from the expected logic. [CDFG2G-615]
        : Signal 'next_state' in module 'multiplier' modeled as latch instead of wire in file '../rtl/multiplier.sv' on line 28, column 30.
Warning : Unreachable statements for case item. [CDFG-472]
        : Case item 'default' in module 'ex_stage' in file '../rtl/ex_stage.sv' on line 423.
Info    : Done Elaborating Design. [ELAB-3]
        : Done elaborating 'ex_stage'.
Warning : Black-boxes are represented as unresolved references in the design. [TUI-273]
        : Cannot resolve reference to 'alu_DWIDTH32'.
        : Run check_design to get all unresolved instance. To resolve the reference, either load a technology library containing the cell by appending to the 'library' attribute, or read in the hdl file containing the module before performing elaboration. As the design is incomplete, synthesis results may not correspond to the entire design.
Warning : Black-boxes are represented as unresolved references in the design. [TUI-273]
        : Cannot resolve reference to 'fpnew_top_Featuresx00000010102_Implementationx000000014000000140000001400000014000000140000000c0000000c0000000c0000000c0000000c0000000800000008000000080000000800000008000000080000000800000008000000080000000aaaaa955aa9_DivSqrtSel1_TagType0h_TrueSIMDClass0_EnableSIMDMask0'.
Warning : Black-boxes are represented as unresolved references in the design. [TUI-273]
        : Cannot resolve reference to 'opdiv'.
Checking for analog nets...
Check completed for analog nets.
Checking for source RTL...
Check completed for source RTL.
Running Unified Mux Engine Tricks...
Completed Unified Mux Engine Tricks

Stage: post_elab
-------------------------------------------------------
| Trick             | Accepts | Rejects | Runtime (s) | 
-------------------------------------------------------
| ume_constant_bmux |       0 |       0 |        0.00 | 
-------------------------------------------------------
Starting clip mux common data inputs [v1.0] (stage: post_elab, startdef: ex_stage, recur: true)
Completed clip mux common data inputs (accepts: 0, rejects: 0, runtime: 0.000s)
Starting clip the non-user hierarchies [v2.0] (stage: post_elab, startdef: ex_stage, recur: true)
Completed clip the non-user hierarchies (accepts: 0, rejects: 0, runtime: 0.000s)

Stage: post_elab
--------------------------------------------------------
| Transform          | Accepts | Rejects | Runtime (s) | 
--------------------------------------------------------
| hlo_clip_mux_input |       0 |       0 |        0.00 | 
| hlo_clip           |       0 |       0 |        0.00 | 
--------------------------------------------------------
UM:   flow.cputime  flow.realtime  timing.setup.tns  timing.setup.wns  snapshot
UM:*                                                                   elaborate
@file(genus_script.tcl) 7: read_sdc ../constraints/constraints_top.sdc
Statistics for commands executed by read_sdc:
 "all_inputs"               - successful      1 , failed      0 (runtime  0.00)
 "all_outputs"              - successful      2 , failed      0 (runtime  0.00)
 "create_clock"             - successful      1 , failed      0 (runtime  0.00)
 "get_clocks"               - successful      3 , failed      0 (runtime  0.00)
 "get_ports"                - successful      2 , failed      0 (runtime  0.00)
 "remove_from_collection"   - successful      1 , failed      0 (runtime  0.00)
 "set_clock_transition"     - successful      2 , failed      0 (runtime  0.00)
 "set_clock_uncertainty"    - successful      1 , failed      0 (runtime  0.00)
 "set_input_delay"          - successful      1 , failed      0 (runtime  0.00)
 "set_load"                 - successful      1 , failed      0 (runtime  0.00)
 "set_output_delay"         - successful      1 , failed      0 (runtime  0.00)
read_sdc completed in 00:00:00 (hh:mm:ss)
@file(genus_script.tcl) 9: set_db design_process_node 65
  Setting attribute of root '/': 'design_process_node' = 65
@file(genus_script.tcl) 10: set_db syn_generic_effort high
  Setting attribute of root '/': 'syn_generic_effort' = high
@file(genus_script.tcl) 11: set_db syn_map_effort high
  Setting attribute of root '/': 'syn_map_effort' = high
@file(genus_script.tcl) 12: set_db syn_opt_effort high
  Setting attribute of root '/': 'syn_opt_effort' = high
@file(genus_script.tcl) 14: syn_generic

Stage: pre_early_cg
-----------------------------------------------
| Transform | Accepts | Rejects | Runtime (s) | 
-----------------------------------------------
-----------------------------------------------
##Generic Timing Info for library domain: _default_ typical gate delay: 127.6 ps std_slew: 17.9 ps std_load: 1.0 fF
Starting mux data reorder optimization [v1.0] (stage: pre_to_gen_setup, startdef: ex_stage, recur: true)
Completed mux data reorder optimization (accepts: 0, rejects: 0, runtime: 0.000s)

Stage: pre_to_gen_setup
-----------------------------------------------------
| Transform       | Accepts | Rejects | Runtime (s) | 
-----------------------------------------------------
| hlo_mux_reorder |       0 |       0 |        0.00 | 
-----------------------------------------------------
Info    : Synthesizing. [SYNTH-1]
        : Synthesizing 'ex_stage' to generic gates using 'high' effort.
Running Synthesis Turbo Flow Version 1.
PBS_Generic-Start - Elapsed_Time 0, CPU_Time 0.0
stamp 'PBS_Generic-Start' being created for table 'pbs_debug'

  Total Time (Wall) |  Stage Time (Wall)  |   % (Wall)   |    Date - Time     |  Memory   | Stage
--------------------+---------------------+--------------+--------------------+-----------+----------------------
 00:00:04(00:00:02) |  00:00:00(00:00:00) |   0.0(  0.0) |   19:20:21 (Jul24) |  157.2 MB | PBS_Generic-Start
--------------------+---------------------+--------------+--------------------+-----------+----------------------
Number of threads: 8 * 1   (id: pbs_debug, time_info v1.57)
Info: (*N*) indicates data that was populated from previously saved time_info database
Info: CPU time includes time of parent + longest thread
TNS Restructuring config: no_value at stage: generic applied.
Info    : Partition Based Synthesis execution skipped. [PHYS-752]
        : Design size is less than the partition size '100000' for distributed generic optimization to kick in.
Starting mux data reorder optimization [v1.0] (stage: pre_to_gen_setup, startdef: ex_stage, recur: true)
Completed mux data reorder optimization (accepts: 0, rejects: 0, runtime: 0.001s)

Stage: pre_to_gen_setup
-----------------------------------------------------
| Transform       | Accepts | Rejects | Runtime (s) | 
-----------------------------------------------------
| hlo_mux_reorder |       0 |       0 |        0.00 | 
-----------------------------------------------------
Starting mux data reorder optimization [v1.0] (stage: post_to_gen_setup, startdef: ex_stage, recur: true)
Completed mux data reorder optimization (accepts: 0, rejects: 0, runtime: 0.000s)

Stage: post_to_gen_setup
-----------------------------------------------------
| Transform       | Accepts | Rejects | Runtime (s) | 
-----------------------------------------------------
| hlo_mux_reorder |       0 |       0 |        0.00 | 
-----------------------------------------------------
Running Unified Mux Engine Tricks...
Completed Unified Mux Engine Tricks

Stage: pre_hlo_rtlopt
-------------------------------------------
| Trick | Accepts | Rejects | Runtime (s) | 
-------------------------------------------
-------------------------------------------
Starting infer macro optimization [v1.0] (stage: pre_rtlopt, startdef: ex_stage, recur: true)
Completed infer macro optimization (accepts: 0, rejects: 8, runtime: 0.003s)
Starting decode mux sandwich optimization [v2.0] (stage: pre_rtlopt, startdef: ex_stage, recur: true)
Completed decode mux sandwich optimization (accepts: 0, rejects: 0, runtime: 0.000s)
Starting decode mux optimization [v1.0] (stage: pre_rtlopt, startdef: ex_stage, recur: true)
Completed decode mux optimization (accepts: 0, rejects: 0, runtime: 0.000s)
Starting chop wide muxes [v1.0] (stage: pre_rtlopt, startdef: ex_stage, recur: true)
Completed chop wide muxes (accepts: 0, rejects: 0, runtime: 0.000s)
Starting common data mux cascade opt [v1.0] (stage: pre_rtlopt, startdef: ex_stage, recur: true)
Completed common data mux cascade opt (accepts: 0, rejects: 0, runtime: 0.000s)
Starting mux input consolidation [v1.0] (stage: pre_rtlopt, startdef: ex_stage, recur: true)
Completed mux input consolidation (accepts: 0, rejects: 0, runtime: 0.000s)
Starting constant-data mux optimization [v1.0] (stage: pre_rtlopt, startdef: ex_stage, recur: true)
Completed constant-data mux optimization (accepts: 0, rejects: 0, runtime: 0.000s)
Starting chain-to-tree inequality transform [v2.0] (stage: pre_rtlopt, startdef: ex_stage, recur: true)
Completed chain-to-tree inequality transform (accepts: 0, rejects: 0, runtime: 0.003s)
Starting reconvergence optimization [v1.0] (stage: pre_rtlopt, startdef: ex_stage, recur: true)
Completed reconvergence optimization (accepts: 0, rejects: 0, runtime: 0.000s)
Starting logic restructure optimization [v1.0] (stage: pre_rtlopt, startdef: ex_stage, recur: true)
Completed logic restructure optimization (accepts: 0, rejects: 0, runtime: 0.000s)
Starting common select mux optimization [v1.0] (stage: pre_rtlopt, startdef: ex_stage, recur: true)
Completed common select mux optimization (accepts: 0, rejects: 0, runtime: 0.000s)
Starting identity transform [v3.0] (stage: pre_rtlopt, startdef: ex_stage, recur: true)
Completed identity transform (accepts: 0, rejects: 0, runtime: 0.000s)
Starting reduce operator chain [v1.0] (stage: pre_rtlopt, startdef: ex_stage, recur: true)
Completed reduce operator chain (accepts: 0, rejects: 0, runtime: 0.000s)
Starting common data mux cascade opt [v1.0] (stage: pre_rtlopt, startdef: ex_stage, recur: true)
Completed common data mux cascade opt (accepts: 0, rejects: 0, runtime: 0.000s)
Starting mux input consolidation [v1.0] (stage: pre_rtlopt, startdef: ex_stage, recur: true)
Completed mux input consolidation (accepts: 0, rejects: 0, runtime: 0.000s)
Starting optimize datapath elements [v1.0] (stage: pre_rtlopt, startdef: ex_stage, recur: true)
Completed optimize datapath elements (accepts: 0, rejects: 0, runtime: 0.000s)
Starting datapath recasting [v1.0] (stage: pre_rtlopt, startdef: ex_stage, recur: true)
Completed datapath recasting (accepts: 0, rejects: 0, runtime: 0.000s)
Starting clip mux common data inputs [v1.0] (stage: pre_rtlopt, startdef: ex_stage, recur: true)
Completed clip mux common data inputs (accepts: 0, rejects: 0, runtime: 0.000s)
Starting clip the non-user hierarchies [v2.0] (stage: pre_rtlopt, startdef: ex_stage, recur: true)
Completed clip the non-user hierarchies (accepts: 0, rejects: 0, runtime: 0.000s)

Stage: pre_rtlopt
---------------------------------------------------------------
| Transform                 | Accepts | Rejects | Runtime (s) | 
---------------------------------------------------------------
| hlo_infer_macro           |       0 |       8 |        0.00 | 
| hlo_decode_mux_sandwich   |       0 |       0 |        0.00 | 
| hlo_mux_decode            |       0 |       0 |        0.00 | 
| hlo_chop_mux              |       0 |       0 |        0.00 | 
| hlo_mux_cascade_opt       |       0 |       0 |        0.00 | 
| hlo_mux_consolidation     |       0 |       0 |        0.00 | 
| hlo_constant_mux_opt      |       0 |       0 |        0.00 | 
| hlo_inequality_transform  |       0 |       0 |        0.00 | 
| hlo_reconv_opt            |       0 |       0 |        0.00 | 
| hlo_restructure           |       0 |       0 |        0.00 | 
| hlo_common_select_muxopto |       0 |       0 |        0.00 | 
| hlo_identity_transform    |       0 |       0 |        0.00 | 
| hlo_reduce_operator_chain |       0 |       0 |        0.00 | 
| hlo_mux_cascade_opt       |       0 |       0 |        0.00 | 
| hlo_mux_consolidation     |       0 |       0 |        0.00 | 
| hlo_optimize_datapath     |       0 |       0 |        0.00 | 
| hlo_datapath_recast       |       0 |       0 |        0.00 | 
| hlo_clip_mux_input        |       0 |       0 |        0.00 | 
| hlo_clip                  |       0 |       0 |        0.00 | 
---------------------------------------------------------------
Running Unified Mux Engine Tricks...
Completed Unified Mux Engine Tricks

Stage: post_hlo_rtlopt
-------------------------------------------------
| Trick       | Accepts | Rejects | Runtime (s) | 
-------------------------------------------------
| ume_runtime |       0 |       0 |        0.00 | 
-------------------------------------------------
Number of big hc bmuxes before = 0
Info    : Pre-processed datapath logic. [DPOPT-6]
        : Pre-processing optimizations applied to datapath logic in 'ex_stage':
          output_trim(1) 
Info    : Optimizing datapath logic. [DPOPT-1]
        : Optimizing datapath logic in 'ex_stage'.
Info    : Implementing datapath configurations. [DPOPT-3]
        : Implementing datapath configurations for 'CDN_DP_region_3_0'
CSAGen Prep Share:0 Re-Write:0 Speculation: 0
MaxCSA: Successfully built Maximal CSA Expression Expr0
CDN_DP_region_3_0 level = 0 loads = 0 drivers = 0
CDN_DP_region_3_0_c0 in multiplier: area: 7943836800 ,dp = 1 mux = 3 sg = slow         worst_clk_period: -1.0000 
    wns: 234  norm_wns:  -1.0000 
    fail_endp: -1 
    tns:  702  tns_per_endp:  -1.0000   norm_tns_per_endp:  -1.0000 
    tns_sense_max:  -1.0000  tns_sense_avg:  -1.0000   tns_sense_num: -1
    power:  -9223372036854775808  
 skipped
CDN_DP_region_3_0_c1 in multiplier: area: 7943836800 ,dp = 1 mux = 3 sg = fast         worst_clk_period: -1.0000 
    wns: 234  norm_wns:  -1.0000 
    fail_endp: -1 
    tns:  702  tns_per_endp:  -1.0000   norm_tns_per_endp:  -1.0000 
    tns_sense_max:  -1.0000  tns_sense_avg:  -1.0000   tns_sense_num: -1
    power:  -9223372036854775808  
 is current best
CDN_DP_region_3_0_c2 in multiplier: area: 7943836800 ,dp = 1 mux = 3 sg = very_slow    worst_clk_period: -1.0000 
    wns: 234  norm_wns:  -1.0000 
    fail_endp: -1 
    tns:  702  tns_per_endp:  -1.0000   norm_tns_per_endp:  -1.0000 
    tns_sense_max:  -1.0000  tns_sense_avg:  -1.0000   tns_sense_num: -1
    power:  -9223372036854775808  
 is current best
CDN_DP_region_3_0_c3 in multiplier: area: 7943836800 ,dp = 1 mux = 3 sg = very_fast    worst_clk_period: -1.0000 
    wns: 234  norm_wns:  -1.0000 
    fail_endp: -1 
    tns:  702  tns_per_endp:  -1.0000   norm_tns_per_endp:  -1.0000 
    tns_sense_max:  -1.0000  tns_sense_avg:  -1.0000   tns_sense_num: -1
    power:  -9223372036854775808  
 is current best
CDN_DP_region_3_0_c4 in multiplier: area: 7943836800 ,dp = 1 mux = 3 sg = very_fast    worst_clk_period: -1.0000 
    wns: 234  norm_wns:  -1.0000 
    fail_endp: -1 
    tns:  702  tns_per_endp:  -1.0000   norm_tns_per_endp:  -1.0000 
    tns_sense_max:  -1.0000  tns_sense_avg:  -1.0000   tns_sense_num: -1
    power:  -9223372036854775808  
 is current best
CDN_DP_region_3_0_c5 in multiplier: area: 7943836800 ,dp = 1 mux = 3 sg = very_fast    worst_clk_period: -1.0000 
    wns: 234  norm_wns:  -1.0000 
    fail_endp: -1 
    tns:  702  tns_per_endp:  -1.0000   norm_tns_per_endp:  -1.0000 
    tns_sense_max:  -1.0000  tns_sense_avg:  -1.0000   tns_sense_num: -1
    power:  -9223372036854775808  
 is current best
CDN_DP_region_3_0_c6 in multiplier: area: 7943836800 ,dp = 1 mux = 3 sg = very_fast    worst_clk_period: -1.0000 
    wns: 234  norm_wns:  -1.0000 
    fail_endp: -1 
    tns:  702  tns_per_endp:  -1.0000   norm_tns_per_endp:  -1.0000 
    tns_sense_max:  -1.0000  tns_sense_avg:  -1.0000   tns_sense_num: -1
    power:  -9223372036854775808  
 is current best
CDN_DP_region_3_0_c7 in multiplier: area: 7943836800 ,dp = 1 mux = 3 sg = very_fast    worst_clk_period: -1.0000 
    wns: 234  norm_wns:  -1.0000 
    fail_endp: -1 
    tns:  702  tns_per_endp:  -1.0000   norm_tns_per_endp:  -1.0000 
    tns_sense_max:  -1.0000  tns_sense_avg:  -1.0000   tns_sense_num: -1
    power:  -9223372036854775808  
 is current best
Best config: CDN_DP_region_3_0_c7 in multiplier: area: 7943836800 ,dp = 1 mux = 3 sg = very_fast    worst_clk_period: -1.0000 
    wns: 234  norm_wns:  -1.0000 
    fail_endp: -1 
    tns:  702  tns_per_endp:  -1.0000   norm_tns_per_endp:  -1.0000 
    tns_sense_max:  -1.0000  tns_sense_avg:  -1.0000   tns_sense_num: -1
    power:  -9223372036854775808  
  Smallest config area : 7943836800.  Fastest config wns;  234
##>+----------------------------------------------------------------------------------------------------------------------------------------------------------------+
##>Summary table of configs (Best config is CDN_DP_region_3_0_c7)
##>+----------------------------------------------------------------------------------------------------------------------------------------------------------------+
##>                     0                  1                  2                  3                  4                  5                  6                  7            
##>+----------------------------------------------------------------------------------------------------------------------------------------------------------------+
##>           Area       7943836800         7943836800         7943836800         7943836800         7943836800         7943836800         7943836800         7943836800  
##>            WNS           -23.40             -23.40             -23.40             -23.40             -23.40             -23.40             -23.40             -23.40  
##>            TNS              702                702                702                702                702                702                702                702  
##>    Num Rewrite                0                  0                  0                  0                  0                  0                  0                  0  
##>     Num Factor                0                  0                  0                  0                  0                  0                  0                  0  
##>      Num Share                0                  0                  0                  0                  0                  0                  0                  0  
##>   Num CmultCse                0                  0                  0                  0                  0                  0                  0                  0  
##>   Num Downsize                0                  0                  0                  0                  0                  0                  0                  0  
##>  Num Speculate                0                  0                  0                  0                  0                  0                  0                  0  
##>     Runtime(s)                0                  0                  0                  0                  0                  0                  0                  0  
+----------------------------------------------------------------------------------------------------------------------------------------------------------------+
##>
##>
##>+-----------------------------------------------------------------------------------------------------------------------------------------------------------------------------------------------------+
##>Optimization Step DEBUG Table for config CDN_DP_region_3_0_c7
##>
##>                          Step                        Area   (  % Chg)         WNS (Change)          TNS (Change)                Power   (  % Chg)        Runtime (s)        Comment                   
##>+-----------------------------------------------------------------------------------------------------------------------------------------------------------------------------------------------------+
##>EquationExtraction              START             7943836800 (       )      -23.40 (        )        702 (        )                    0 (       )              
##> rewrite                        START            27340305250 (+244.17)     -101.50 (  -78.10)       4241 (    3539)                    0 (  +0.00)              (a,ar) Expr0_from --> Expr0_to
##>                                  END            15696818650 ( -42.59)     -106.30 (   -4.80)       4577 (     336)                    0 (  +0.00)           0  
##>                                  END             7943836800 (  +0.00)      -23.40 (   +0.00)        702 (       0)                    0 (  +0.00)           0  
##>createMaxCarrySave              START             7943836800 (  +0.00)      -23.40 (   +0.00)        702 (       0)                    0 (  +0.00)              
##> datapath_rewrite_one_def       START             7943836800 (  +0.00)      -23.40 (   +0.00)        702 (       0)                    0 (  +0.00)              
##>                                  END             7943836800 (  +0.00)      -23.40 (   +0.00)        702 (       0)                    0 (  +0.00)           0  
##> csa_opto                       START             7943836800 (  +0.00)      -23.40 (   +0.00)        702 (       0)                    0 (  +0.00)              
##>                                  END             7943836800 (  +0.00)      -23.40 (   +0.00)        702 (       0)                    0 (  +0.00)           0  
##>                                  END             7943836800 (  +0.00)      -23.40 (   +0.00)        702 (       0)                    0 (  +0.00)           0  
##>canonicalize_by_names           START             7943836800 (  +0.00)      -23.40 (   +0.00)        702 (       0)                    0 (  +0.00)              
##>                                  END             7943836800 (  +0.00)      -23.40 (   +0.00)        702 (       0)                    0 (  +0.00)           0  
##>datapath_rewrite_post_csa_one_  START             7943836800 (  +0.00)      -23.40 (   +0.00)        702 (       0)                    0 (  +0.00)              
##>                                  END             7943836800 (  +0.00)      -23.40 (   +0.00)        702 (       0)                    0 (  +0.00)           0  
##>datapath_csa_factoring_one_gde  START             7943836800 (  +0.00)      -23.40 (   +0.00)        702 (       0)                    0 (  +0.00)              
##>                                  END             7943836800 (  +0.00)      -23.40 (   +0.00)        702 (       0)                    0 (  +0.00)           0  
##>dpopt_share_one_def             START             7943836800 (  +0.00)      -23.40 (   +0.00)        702 (       0)                    0 (  +0.00)              
##>                                  END             7943836800 (  +0.00)      -23.40 (   +0.00)        702 (       0)                    0 (  +0.00)           0  
##>datapath_rewrite_post_share     START             7943836800 (  +0.00)      -23.40 (   +0.00)        702 (       0)                    0 (  +0.00)              
##>                                  END             7943836800 (  +0.00)      -23.40 (   +0.00)        702 (       0)                    0 (  +0.00)           0  
##>dp_combine_const_mult_with_com  START             7943836800 (  +0.00)      -23.40 (   +0.00)        702 (       0)                    0 (  +0.00)              
##>                                  END             7943836800 (  +0.00)      -23.40 (   +0.00)        702 (       0)                    0 (  +0.00)           0  
##>dp_operator_level_decompositio  START             7943836800 (  +0.00)      -23.40 (   +0.00)        702 (       0)                    0 (  +0.00)              
##>                                  END             7943836800 (  +0.00)      -23.40 (   +0.00)        702 (       0)                    0 (  +0.00)           0  
##>selective_flatten_dp_config     START             7943836800 (  +0.00)      -23.40 (   +0.00)        702 (       0)                    0 (  +0.00)              
##>                                  END             7943836800 (  +0.00)      -23.40 (   +0.00)        702 (       0)                    0 (  +0.00)           0  
##>createMaxCarrySave              START             7943836800 (  +0.00)      -23.40 (   +0.00)        702 (       0)                    0 (  +0.00)              
##> datapath_rewrite_one_def       START             7943836800 (  +0.00)      -23.40 (   +0.00)        702 (       0)                    0 (  +0.00)              
##>  fast_cse_elim                 START             7943836800 (  +0.00)      -23.40 (   +0.00)        702 (       0)                    0 (  +0.00)              
##>                                  END             7943836800 (  +0.00)      -23.40 (   +0.00)        702 (       0)                    0 (  +0.00)           0  
##>  fast_cse_elim                 START             7943836800 (  +0.00)      -23.40 (   +0.00)        702 (       0)                    0 (  +0.00)              
##>                                  END             7943836800 (  +0.00)      -23.40 (   +0.00)        702 (       0)                    0 (  +0.00)           0  
##>                                  END             7943836800 (  +0.00)      -23.40 (   +0.00)        702 (       0)                    0 (  +0.00)           0  
##> csa_opto                       START             7943836800 (  +0.00)      -23.40 (   +0.00)        702 (       0)                    0 (  +0.00)              
##>                                  END             7943836800 (  +0.00)      -23.40 (   +0.00)        702 (       0)                    0 (  +0.00)           0  
##>                                  END             7943836800 (  +0.00)      -23.40 (   +0.00)        702 (       0)                    0 (  +0.00)           0  
##>context_based_simplify          START             7943836800 (  +0.00)      -23.40 (   +0.00)        702 (       0)                    0 (  +0.00)              
##>                                  END             7943836800 (  +0.00)      -23.40 (   +0.00)        702 (       0)                    0 (  +0.00)           0  
##>group_csa_final_adder_dp        START             7943836800 (  +0.00)      -23.40 (   +0.00)        702 (       0)                    0 (  +0.00)              
##>                                  END             7943836800 (  +0.00)      -23.40 (   +0.00)        702 (       0)                    0 (  +0.00)           0  
##>dpopt_flatten_critical_muxes_i  START             7943836800 (  +0.00)      -23.40 (   +0.00)        702 (       0)                    0 (  +0.00)              
##>                                  END             7943836800 (  +0.00)      -23.40 (   +0.00)        702 (       0)                    0 (  +0.00)           0  
##>create_score                    START             7943836800 (  +0.00)      -23.40 (   +0.00)        702 (       0)                    0 (  +0.00)              
##>                                  END             7943836800 (  +0.00)      -23.40 (   +0.00)        702 (       0)                    0 (  +0.00)           0  
##>+-----------------------------------------------------------------------------------------------------------------------------------------------------------------------------------------------------+
Committed config: CDN_DP_region_3_0_c7
Info    : Done implementing datapath configurations. [DPOPT-4]
        : Selected 'very_fast' configuration 7 for module 'CDN_DP_region_3_0_c7'.
          Optimizations applied to 'very_fast' configuration:
            rewriting(0), factoring(0), sharing(0), cmultcse(0), downsizing(0), speculation(0)
Info    : Implementing datapath configurations. [DPOPT-3]
        : Implementing datapath configurations for 'CDN_DP_region_1_0'
CSAGen Prep Share:0 Re-Write:0 Speculation: 0
CDN_DP_region_1_0 level = 0 loads = 0 drivers = 0
CDN_DP_region_1_0_c0 in ex_stage: area: 854176000 ,dp = 0 mux = 2 sg = slow         worst_clk_period: -1.0000 
    wns: 0  norm_wns:  -1.0000 
    fail_endp: -1 
    tns:  0  tns_per_endp:  -1.0000   norm_tns_per_endp:  -1.0000 
    tns_sense_max:  -1.0000  tns_sense_avg:  -1.0000   tns_sense_num: -1
    power:  -9223372036854775808  
 skipped
CDN_DP_region_1_0_c1 in ex_stage: area: 854176000 ,dp = 0 mux = 2 sg = fast         worst_clk_period: -1.0000 
    wns: 0  norm_wns:  -1.0000 
    fail_endp: -1 
    tns:  0  tns_per_endp:  -1.0000   norm_tns_per_endp:  -1.0000 
    tns_sense_max:  -1.0000  tns_sense_avg:  -1.0000   tns_sense_num: -1
    power:  -9223372036854775808  
 is current best
CDN_DP_region_1_0_c2 in ex_stage: area: 854176000 ,dp = 0 mux = 2 sg = very_slow    worst_clk_period: -1.0000 
    wns: 0  norm_wns:  -1.0000 
    fail_endp: -1 
    tns:  0  tns_per_endp:  -1.0000   norm_tns_per_endp:  -1.0000 
    tns_sense_max:  -1.0000  tns_sense_avg:  -1.0000   tns_sense_num: -1
    power:  -9223372036854775808  
 is current best
CDN_DP_region_1_0_c3 in ex_stage: area: 854176000 ,dp = 0 mux = 2 sg = very_fast    worst_clk_period: -1.0000 
    wns: 0  norm_wns:  -1.0000 
    fail_endp: -1 
    tns:  0  tns_per_endp:  -1.0000   norm_tns_per_endp:  -1.0000 
    tns_sense_max:  -1.0000  tns_sense_avg:  -1.0000   tns_sense_num: -1
    power:  -9223372036854775808  
 is current best
CDN_DP_region_1_0_c4 in ex_stage: area: 854176000 ,dp = 0 mux = 2 sg = very_fast    worst_clk_period: -1.0000 
    wns: 0  norm_wns:  -1.0000 
    fail_endp: -1 
    tns:  0  tns_per_endp:  -1.0000   norm_tns_per_endp:  -1.0000 
    tns_sense_max:  -1.0000  tns_sense_avg:  -1.0000   tns_sense_num: -1
    power:  -9223372036854775808  
 is current best
CDN_DP_region_1_0_c5 in ex_stage: area: 854176000 ,dp = 0 mux = 2 sg = very_fast    worst_clk_period: -1.0000 
    wns: 0  norm_wns:  -1.0000 
    fail_endp: -1 
    tns:  0  tns_per_endp:  -1.0000   norm_tns_per_endp:  -1.0000 
    tns_sense_max:  -1.0000  tns_sense_avg:  -1.0000   tns_sense_num: -1
    power:  -9223372036854775808  
 is current best
CDN_DP_region_1_0_c6 in ex_stage: area: 854176000 ,dp = 0 mux = 2 sg = very_fast    worst_clk_period: -1.0000 
    wns: 0  norm_wns:  -1.0000 
    fail_endp: -1 
    tns:  0  tns_per_endp:  -1.0000   norm_tns_per_endp:  -1.0000 
    tns_sense_max:  -1.0000  tns_sense_avg:  -1.0000   tns_sense_num: -1
    power:  -9223372036854775808  
 is current best
CDN_DP_region_1_0_c7 in ex_stage: area: 854176000 ,dp = 0 mux = 2 sg = very_fast    worst_clk_period: -1.0000 
    wns: 0  norm_wns:  -1.0000 
    fail_endp: -1 
    tns:  0  tns_per_endp:  -1.0000   norm_tns_per_endp:  -1.0000 
    tns_sense_max:  -1.0000  tns_sense_avg:  -1.0000   tns_sense_num: -1
    power:  -9223372036854775808  
 is current best
Best config: CDN_DP_region_1_0_c7 in ex_stage: area: 854176000 ,dp = 0 mux = 2 sg = very_fast    worst_clk_period: -1.0000 
    wns: 0  norm_wns:  -1.0000 
    fail_endp: -1 
    tns:  0  tns_per_endp:  -1.0000   norm_tns_per_endp:  -1.0000 
    tns_sense_max:  -1.0000  tns_sense_avg:  -1.0000   tns_sense_num: -1
    power:  -9223372036854775808  
  Smallest config area : 854176000.  Fastest config wns;  0
##>+----------------------------------------------------------------------------------------------------------------------------------------------------------------+
##>Summary table of configs (Best config is CDN_DP_region_1_0_c7)
##>+----------------------------------------------------------------------------------------------------------------------------------------------------------------+
##>                     0                  1                  2                  3                  4                  5                  6                  7            
##>+----------------------------------------------------------------------------------------------------------------------------------------------------------------+
##>           Area        854176000          854176000          854176000          854176000          854176000          854176000          854176000          854176000  
##>            WNS          +737.00            +737.00            +737.00            +737.00            +737.00            +737.00            +737.00            +737.00  
##>            TNS                0                  0                  0                  0                  0                  0                  0                  0  
##>    Num Rewrite                0                  0                  0                  0                  0                  0                  0                  0  
##>     Num Factor                0                  0                  0                  0                  0                  0                  0                  0  
##>      Num Share                0                  0                  0                  0                  0                  0                  0                  0  
##>   Num CmultCse                0                  0                  0                  0                  0                  0                  0                  0  
##>   Num Downsize                0                  0                  0                  0                  0                  0                  0                  0  
##>  Num Speculate                0                  0                  0                  0                  0                  0                  0                  0  
##>     Runtime(s)                0                  0                  0                  0                  0                  0                  0                  0  
+----------------------------------------------------------------------------------------------------------------------------------------------------------------+
##>
##>
##>+-----------------------------------------------------------------------------------------------------------------------------------------------------------------------------------------------------+
##>Optimization Step DEBUG Table for config CDN_DP_region_1_0_c7
##>
##>                          Step                        Area   (  % Chg)         WNS (Change)          TNS (Change)                Power   (  % Chg)        Runtime (s)        Comment                   
##>+-----------------------------------------------------------------------------------------------------------------------------------------------------------------------------------------------------+
##>EquationExtraction              START              854176000 (       )      737.00 (        )          0 (        )                    0 (       )              
##>                                  END              854176000 (  +0.00)      737.00 (   +0.00)          0 (       0)                    0 (  +0.00)           0  
##>createMaxCarrySave              START              854176000 (  +0.00)      737.00 (   +0.00)          0 (       0)                    0 (  +0.00)              
##> datapath_rewrite_one_def       START              854176000 (  +0.00)      737.00 (   +0.00)          0 (       0)                    0 (  +0.00)              
##>                                  END              854176000 (  +0.00)      737.00 (   +0.00)          0 (       0)                    0 (  +0.00)           0  
##> csa_opto                       START              854176000 (  +0.00)      737.00 (   +0.00)          0 (       0)                    0 (  +0.00)              
##>                                  END              854176000 (  +0.00)      737.00 (   +0.00)          0 (       0)                    0 (  +0.00)           0  
##>                                  END              854176000 (  +0.00)      737.00 (   +0.00)          0 (       0)                    0 (  +0.00)           0  
##>canonicalize_by_names           START              854176000 (  +0.00)      737.00 (   +0.00)          0 (       0)                    0 (  +0.00)              
##>                                  END              854176000 (  +0.00)      737.00 (   +0.00)          0 (       0)                    0 (  +0.00)           0  
##>datapath_rewrite_post_csa_one_  START              854176000 (  +0.00)      737.00 (   +0.00)          0 (       0)                    0 (  +0.00)              
##>                                  END              854176000 (  +0.00)      737.00 (   +0.00)          0 (       0)                    0 (  +0.00)           0  
##>datapath_csa_factoring_one_gde  START              854176000 (  +0.00)      737.00 (   +0.00)          0 (       0)                    0 (  +0.00)              
##>                                  END              854176000 (  +0.00)      737.00 (   +0.00)          0 (       0)                    0 (  +0.00)           0  
##>dpopt_share_one_def             START              854176000 (  +0.00)      737.00 (   +0.00)          0 (       0)                    0 (  +0.00)              
##>                                  END              854176000 (  +0.00)      737.00 (   +0.00)          0 (       0)                    0 (  +0.00)           0  
##>datapath_rewrite_post_share     START              854176000 (  +0.00)      737.00 (   +0.00)          0 (       0)                    0 (  +0.00)              
##>                                  END              854176000 (  +0.00)      737.00 (   +0.00)          0 (       0)                    0 (  +0.00)           0  
##>dp_combine_const_mult_with_com  START              854176000 (  +0.00)      737.00 (   +0.00)          0 (       0)                    0 (  +0.00)              
##>                                  END              854176000 (  +0.00)      737.00 (   +0.00)          0 (       0)                    0 (  +0.00)           0  
##>dp_operator_level_decompositio  START              854176000 (  +0.00)      737.00 (   +0.00)          0 (       0)                    0 (  +0.00)              
##>                                  END              854176000 (  +0.00)      737.00 (   +0.00)          0 (       0)                    0 (  +0.00)           0  
##>selective_flatten_dp_config     START              854176000 (  +0.00)      737.00 (   +0.00)          0 (       0)                    0 (  +0.00)              
##>                                  END              854176000 (  +0.00)      737.00 (   +0.00)          0 (       0)                    0 (  +0.00)           0  
##>createMaxCarrySave              START              854176000 (  +0.00)      737.00 (   +0.00)          0 (       0)                    0 (  +0.00)              
##> datapath_rewrite_one_def       START              854176000 (  +0.00)      737.00 (   +0.00)          0 (       0)                    0 (  +0.00)              
##>  fast_cse_elim                 START              854176000 (  +0.00)      737.00 (   +0.00)          0 (       0)                    0 (  +0.00)              
##>                                  END              854176000 (  +0.00)      737.00 (   +0.00)          0 (       0)                    0 (  +0.00)           0  
##>  fast_cse_elim                 START              854176000 (  +0.00)      737.00 (   +0.00)          0 (       0)                    0 (  +0.00)              
##>                                  END              854176000 (  +0.00)      737.00 (   +0.00)          0 (       0)                    0 (  +0.00)           0  
##>                                  END              854176000 (  +0.00)      737.00 (   +0.00)          0 (       0)                    0 (  +0.00)           0  
##> csa_opto                       START              854176000 (  +0.00)      737.00 (   +0.00)          0 (       0)                    0 (  +0.00)              
##>                                  END              854176000 (  +0.00)      737.00 (   +0.00)          0 (       0)                    0 (  +0.00)           0  
##>                                  END              854176000 (  +0.00)      737.00 (   +0.00)          0 (       0)                    0 (  +0.00)           0  
##>context_based_simplify          START              854176000 (  +0.00)      737.00 (   +0.00)          0 (       0)                    0 (  +0.00)              
##>                                  END              854176000 (  +0.00)      737.00 (   +0.00)          0 (       0)                    0 (  +0.00)           0  
##>group_csa_final_adder_dp        START              854176000 (  +0.00)      737.00 (   +0.00)          0 (       0)                    0 (  +0.00)              
##>                                  END              854176000 (  +0.00)      737.00 (   +0.00)          0 (       0)                    0 (  +0.00)           0  
##>dpopt_flatten_critical_muxes_i  START              854176000 (  +0.00)      737.00 (   +0.00)          0 (       0)                    0 (  +0.00)              
##>                                  END              854176000 (  +0.00)      737.00 (   +0.00)          0 (       0)                    0 (  +0.00)           0  
##>create_score                    START              854176000 (  +0.00)      737.00 (   +0.00)          0 (       0)                    0 (  +0.00)              
##>                                  END              854176000 (  +0.00)      737.00 (   +0.00)          0 (       0)                    0 (  +0.00)           0  
##>+-----------------------------------------------------------------------------------------------------------------------------------------------------------------------------------------------------+
Committed config: CDN_DP_region_1_0_c7
Info    : Done implementing datapath configurations. [DPOPT-4]
        : Selected 'very_fast' configuration 7 for module 'CDN_DP_region_1_0_c7'.
          Optimizations applied to 'very_fast' configuration:
            rewriting(0), factoring(0), sharing(0), cmultcse(0), downsizing(0), speculation(0)
Info:  Ungrouped 0 dp-cluster instances.  0 cluster instances were left intact, to aid verification.
Info    : Done optimizing datapath logic. [DPOPT-2]
        : Done optimizing datapath logic in 'ex_stage'.
Number of big hc bmuxes after = 0
Starting logic reduction [v1.0] (stage: post_rtlopt, startdef: ex_stage, recur: true)
Completed logic reduction (accepts: 0, rejects: 0, runtime: 0.000s)
Starting mux data reorder optimization [v1.0] (stage: post_rtlopt, startdef: ex_stage, recur: true)
Completed mux data reorder optimization (accepts: 0, rejects: 0, runtime: 0.000s)

Stage: post_rtlopt
---------------------------------------------------------
| Transform           | Accepts | Rejects | Runtime (s) | 
---------------------------------------------------------
| hlo_logic_reduction |       0 |       0 |        0.00 | 
| hlo_mux_reorder     |       0 |       0 |        0.00 | 
---------------------------------------------------------
Starting mux speculation [v1.0] (stage: post_muxopt, startdef: ex_stage, recur: true)
Starting speculation optimization
Completed speculation optimization (accepts:0)
Completed mux speculation (accepts: 0, rejects: 0, runtime: 0.045s)

Stage: post_muxopt
-----------------------------------------------------
| Transform       | Accepts | Rejects | Runtime (s) | 
-----------------------------------------------------
| hlo_speculation |       0 |       0 |        0.05 | 
-----------------------------------------------------
==================================
Stage : to_generic 
==================================
  =================
   Message Summary
  =================
-----------------------------------------------------------------------------------------------------------------------------------------------------------------------------------------------------------------------------------------------------------------
|     Id      |  Sev   |Count |                                                                                                          Message Text                                                                                                           |
-----------------------------------------------------------------------------------------------------------------------------------------------------------------------------------------------------------------------------------------------------------------
| CDFG-250    |Info    |    1 |Processing multi-dimensional arrays.                                                                                                                                                                                             |
| CDFG-372    |Info    |   82 |Bitwidth mismatch in assignment.                                                                                                                                                                                                 |
|             |        |      |Review and make sure the mismatch is unintentional. Genus can possibly issue bitwidth mismatch warning for explicit assignments present in RTL as-well-as for implicit assignments inferred by the tool. For example, in case of |
|             |        |      | enum declaration without value, the tool will implicitly assign value to the enum variables. It also issues the warning for any bitwidth mismatch that appears in this implicit assignment.                                     |
| CDFG-428    |Warning |    3 |In legacy_ui mode, Genus creates a blackbox as description for a module is not found. Black boxes represent unresolved references in the design and are usually not expected. Another possible reason is, some libraries are not |
|             |        |      | read and the tool could not get the content for some macros or lib_cells.                                                                                                                                                       |
|             |        |      |Check the kind of module a black box is. If it is a lib_cell or a macro, check why the corresponding .lib was not read in. This could be either due to a missing or faulty file or due to an incomplete init_lib_search_path     |
|             |        |      | attribute value making restricting access to the missing file. If it is a module of your design, verify whether the path to this module is a part of the files you read or else check that the init_hdl_search_path attribute   |
|             |        |      | is not missing some paths.                                                                                                                                                                                                      |
| CDFG-472    |Warning |    3 |Unreachable statements for case item.                                                                                                                                                                                            |
| CDFG-500    |Info    |    1 |Unused module input port.                                                                                                                                                                                                        |
|             |        |      |(In port definition within the module, the input port is not used in any assignment statements or conditional expressions for decision statements.                                                                               |
| CDFG-508    |Warning |    1 |Removing unused register.                                                                                                                                                                                                        |
|             |        |      |Genus removes the flip-flop or latch inferred for an unused signal or variable. To preserve the flip-flop or latch, set the hdl_preserve_unused_registers attribute to true or use a pragma in the RTL.                          |
| CDFG-738    |Info    |    1 |Common subexpression eliminated.                                                                                                                                                                                                 |
| CDFG-739    |Info    |    1 |Common subexpression kept.                                                                                                                                                                                                       |
| CDFG-771    |Info    |    1 |Replaced logic with a constant value.                                                                                                                                                                                            |
| CDFG-818    |Warning |    1 |Using default parameter value for module elaboration.                                                                                                                                                                            |
| CDFG2G-615  |Warning |    3 |Generated logic differs from the expected logic.                                                                                                                                                                                 |
|             |        |      |The logic generated for an always_comb, always_latch or always_ff process may not match the behavior specified in the input HDL.                                                                                                 |
| CDFG2G-616  |Info    |    3 |Latch inferred. Check and revisit your RTL if this is not the intended behavior.                                                                                                                                                 |
|             |        |      |Use the attributes 'set_attribute hdl_error_on_latch true'(LUI) or 'set_db hdl_error_on_latch true' (CUI) to issue an error when a latch is inferred. Use the attributes 'set_attributes hdl_latch_keep_feedback true'(LUI)      |
|             |        |      | or 'set_db hdl_latch_keep_feedback true'(CUI) to infer combinational logic rather than a latch in case a variable is explicitly assigned to itself.                                                                             |
| CWD-19      |Info    |    4 |An implementation was inferred.                                                                                                                                                                                                  |
| DPOPT-1     |Info    |    1 |Optimizing datapath logic.                                                                                                                                                                                                       |
| DPOPT-2     |Info    |    1 |Done optimizing datapath logic.                                                                                                                                                                                                  |
| DPOPT-3     |Info    |    2 |Implementing datapath configurations.                                                                                                                                                                                            |
| DPOPT-4     |Info    |    2 |Done implementing datapath configurations.                                                                                                                                                                                       |
| DPOPT-6     |Info    |    1 |Pre-processed datapath logic.                                                                                                                                                                                                    |
| ELAB-1      |Info    |    1 |Elaborating Design.                                                                                                                                                                                                              |
| ELAB-2      |Info    |    1 |Elaborating Subdesign.                                                                                                                                                                                                           |
| ELAB-3      |Info    |    1 |Done Elaborating Design.                                                                                                                                                                                                         |
| ELABUTL-132 |Info    |    2 |Unused instance port.                                                                                                                                                                                                            |
|             |        |      |Please check the reported scenario of unconnected instance port to ensure that it matches the design intent.                                                                                                                     |
| LBR-9       |Warning |    2 |Library cell has no output pins defined.                                                                                                                                                                                         |
|             |        |      |Add the missing output pin(s)                                                                                                                                                                                                    |
|             |        |      | , then reload the library. Else the library cell will be marked as timing model i.e. unusable. Timing_model means that the cell does not have any defined function. If there is no output pin, Genus will mark library cell as  |
|             |        |      | unusable i.e. the attribute 'usable' will be marked to 'false' on the libcell. Therefore, the cell is not used for mapping and it will not be picked up from the library for synthesis. If you query the attribute              |
|             |        |      | 'unusable_reason' on the libcell; result will be: 'Library cell has no output pins.'Note: The message LBR-9 is only for the logical pins and not for the power_ground pins. Genus will depend upon the output function defined  |
|             |        |      | in the pin group (output pin) of the cell, to use it for mapping. The pg_pin will not have any function defined.                                                                                                                |
| LBR-41      |Info    |    1 |An output library pin lacks a function attribute.                                                                                                                                                                                |
|             |        |      |If the remainder of this library cell's semantic checks are successful, it will be considered as a timing-model (because one of its outputs does not have a valid function.                                                      |
| LBR-155     |Info    |  264 |Mismatch in unateness between 'timing_sense' attribute and the function.                                                                                                                                                         |
|             |        |      |The 'timing_sense' attribute will be respected.                                                                                                                                                                                  |
| LBR-161     |Info    |    1 |Setting the maximum print count of this message to 10 if information_level is less than 9.                                                                                                                                       |
| LBR-162     |Info    |  124 |Both 'pos_unate' and 'neg_unate' timing_sense arcs have been processed.                                                                                                                                                          |
|             |        |      |Setting the 'timing_sense' to non_unate.                                                                                                                                                                                         |
| LBR-412     |Info    |    1 |Created nominal operating condition.                                                                                                                                                                                             |
|             |        |      |The nominal operating condition is represented, either by the nominal PVT values specified in the library source (via nom_process,nom_voltage and nom_temperature respectively), or by the default PVT values (1.0,1.0,1.0).     |
| LBR-518     |Info    |    1 |Missing a function attribute in the output pin definition.                                                                                                                                                                       |
| PHYS-752    |Info    |    1 |Partition Based Synthesis execution skipped.                                                                                                                                                                                     |
| SYNTH-1     |Info    |    1 |Synthesizing.                                                                                                                                                                                                                    |
| TIM-1000    |Info    |    1 |Multimode clock gating check is disabled.                                                                                                                                                                                        |
| TUI-273     |Warning |    3 |Black-boxes are represented as unresolved references in the design.                                                                                                                                                              |
|             |        |      |Run check_design to get all unresolved instance. To resolve the reference, either load a technology library containing the cell by appending to the 'library' attribute, or read in the hdl file containing the module before    |
|             |        |      | performing elaboration. As the design is incomplete, synthesis results may not correspond to the entire design.                                                                                                                 |
-----------------------------------------------------------------------------------------------------------------------------------------------------------------------------------------------------------------------------------------------------------------
Mapper: Libraries have:
	domain _default_: 324 combo usable cells and 128 sequential usable cells
Multi-threaded constant propagation [1|0] ...
Multi-threaded Virtual Mapping    (8 threads per ST process, 8 of 32 CPUs usable)
==================================
Stage : first_condense 
==================================
  =================
   Message Summary
  =================
-----------------------------------------------------------------------------------------------------------------------------------------------------------------------------------------------------------------------------------------------------------------
|   Id   |Sev  |Count |                                                                                                              Message Text                                                                                                               |
-----------------------------------------------------------------------------------------------------------------------------------------------------------------------------------------------------------------------------------------------------------------
| GLO-51 |Info |    1 |Hierarchical instance automatically ungrouped.                                                                                                                                                                                           |
|        |     |      |Hierarchical instances can be automatically ungrouped to allow for better area or timing optimization. To prevent this ungroup, set the root-level attribute 'auto_ungroup' to 'none'. You can also prevent individual ungroup with      |
|        |     |      | setting the attribute 'ungroup_ok' of instances or modules to 'false'.                                                                                                                                                                  |
-----------------------------------------------------------------------------------------------------------------------------------------------------------------------------------------------------------------------------------------------------------------
 
Global mapping target info
==========================
Cost Group 'clk' target slack:    87 ps
Target path end-point (Pin: genblk2.multiplicador_resultado_reg[31]/d)


State Retention Synthesis Status
================================

Category                        Flops  Latches   Percentage
-----------------------------------------------------------
Total instances                   331        4        100.0
Excluded from State Retention     331        4        100.0
    - Will not convert            331        4        100.0
      - Preserved                   0        0          0.0
      - Power intent excluded     331        4        100.0
    - Could not convert             0        0          0.0
      - Scan type                   0        0          0.0
      - No suitable cell            0        0          0.0
State Retention instances           0        0          0.0
-----------------------------------------------------------

PBS_Generic_Opt-Post - Elapsed_Time 4, CPU_Time 4.423665
stamp 'PBS_Generic_Opt-Post' being created for table 'pbs_debug'

  Total Time (Wall) |  Stage Time (Wall)  |   % (Wall)   |    Date - Time     |  Memory   | Stage
--------------------+---------------------+--------------+--------------------+-----------+----------------------
 00:00:04(00:00:02) |  00:00:00(00:00:00) |   0.0(  0.0) |   19:20:21 (Jul24) |  157.2 MB | PBS_Generic-Start
--------------------+---------------------+--------------+--------------------+-----------+----------------------
 00:00:08(00:00:06) |  00:00:04(00:00:04) | 100.0(100.0) |   19:20:25 (Jul24) |  726.9 MB | PBS_Generic_Opt-Post
--------------------+---------------------+--------------+--------------------+-----------+----------------------
Number of threads: 8 * 1   (id: pbs_debug, time_info v1.57)
Info: (*N*) indicates data that was populated from previously saved time_info database
Info: CPU time includes time of parent + longest thread
PBS_Generic-Postgen HBO Optimizations - Elapsed_Time 0, CPU_Time 0.0
stamp 'PBS_Generic-Postgen HBO Optimizations' being created for table 'pbs_debug'

  Total Time (Wall) |  Stage Time (Wall)  |   % (Wall)   |    Date - Time     |  Memory   | Stage
--------------------+---------------------+--------------+--------------------+-----------+----------------------
 00:00:04(00:00:02) |  00:00:00(00:00:00) |   0.0(  0.0) |   19:20:21 (Jul24) |  157.2 MB | PBS_Generic-Start
--------------------+---------------------+--------------+--------------------+-----------+----------------------
 00:00:08(00:00:06) |  00:00:04(00:00:04) | 100.0(100.0) |   19:20:25 (Jul24) |  726.9 MB | PBS_Generic_Opt-Post
--------------------+---------------------+--------------+--------------------+-----------+----------------------
 00:00:08(00:00:06) |  00:00:00(00:00:00) |   0.0(  0.0) |   19:20:25 (Jul24) |  726.9 MB | PBS_Generic-Postgen HBO Optimizations
--------------------+---------------------+--------------+--------------------+-----------+----------------------
Number of threads: 8 * 1   (id: pbs_debug, time_info v1.57)
Info: (*N*) indicates data that was populated from previously saved time_info database
Info: CPU time includes time of parent + longest thread
##>=================== Cadence Confidential (Generic-Logical) ===================
##>=================== Cadence Confidential (Generic-Logical) ===================
##>Main Thread Summary:
##>----------------------------------------------------------------------------------------
##>STEP                           Elapsed       WNS       TNS     Insts      Area    Memory
##>----------------------------------------------------------------------------------------
##>G:Initial                            0         -         -      6752     21247       157
##>G:Setup                              0         -         -         -         -         -
##>G:Launch ST                          0         -         -         -         -         -
##>G:Design Partition                   0         -         -         -         -         -
##>G:Create Partition Netlists          0         -         -         -         -         -
##>G:Init Power                         0         -         -         -         -         -
##>G:Budgeting                          0         -         -         -         -         -
##>G:Derenv-DB                          0         -         -         -         -         -
##>G:Debug Outputs                      0         -         -         -         -         -
##>G:ST loading                         0         -         -         -         -         -
##>G:Distributed                        0         -         -         -         -         -
##>G:Timer                              0         -         -         -         -         -
##>G:Assembly                           0         -         -         -         -         -
##>G:DFT                                0         -         -         -         -         -
##>G:Const Prop                         0         -         -      5055     15698       726
##>G:Misc                               4
##>----------------------------------------------------------------------------------------
##>Total Elapsed                        4
##>========================================================================================
Info    : Done synthesizing. [SYNTH-2]
        : Done synthesizing 'ex_stage' to generic gates.
      flow.cputime  flow.realtime  timing.setup.tns  timing.setup.wns  snapshot
UM:*                                                                   syn_gen
@file(genus_script.tcl) 15: syn_map
##Generic Timing Info for library domain: _default_ typical gate delay: 127.6 ps std_slew: 17.9 ps std_load: 1.0 fF
Info    : Mapping. [SYNTH-4]
        : Mapping 'ex_stage' using 'high' effort.
Mapper: Libraries have:
	domain _default_: 324 combo usable cells and 128 sequential usable cells
Configuring mapper costing (none)
TNS Restructuring config: no_value at stage: map applied.
PBS_TechMap-Start - Elapsed_Time 0, CPU_Time 0.0
stamp 'PBS_TechMap-Start' being created for table 'pbs_debug'

  Total Time (Wall) |  Stage Time (Wall)  |   % (Wall)   |    Date - Time     |  Memory   | Stage
--------------------+---------------------+--------------+--------------------+-----------+----------------------
 00:00:04(00:00:02) |  00:00:00(00:00:00) |   0.0(  0.0) |   19:20:21 (Jul24) |  157.2 MB | PBS_Generic-Start
--------------------+---------------------+--------------+--------------------+-----------+----------------------
 00:00:08(00:00:06) |  00:00:04(00:00:04) | 100.0(100.0) |   19:20:25 (Jul24) |  726.9 MB | PBS_Generic_Opt-Post
--------------------+---------------------+--------------+--------------------+-----------+----------------------
 00:00:08(00:00:06) |  00:00:00(00:00:00) |   0.0(  0.0) |   19:20:25 (Jul24) |  726.9 MB | PBS_Generic-Postgen HBO Optimizations
--------------------+---------------------+--------------+--------------------+-----------+----------------------
 00:00:08(00:00:06) |  00:00:00(00:00:00) |   0.0(  0.0) |   19:20:25 (Jul24) |  726.9 MB | PBS_TechMap-Start
--------------------+---------------------+--------------+--------------------+-----------+----------------------
Number of threads: 8 * 1   (id: pbs_debug, time_info v1.57)
Info: (*N*) indicates data that was populated from previously saved time_info database
Info: CPU time includes time of parent + longest thread
PBS_TechMap-Premap HBO Optimizations - Elapsed_Time 0, CPU_Time 0.0
stamp 'PBS_TechMap-Premap HBO Optimizations' being created for table 'pbs_debug'

  Total Time (Wall) |  Stage Time (Wall)  |   % (Wall)   |    Date - Time     |  Memory   | Stage
--------------------+---------------------+--------------+--------------------+-----------+----------------------
 00:00:04(00:00:02) |  00:00:00(00:00:00) |   0.0(  0.0) |   19:20:21 (Jul24) |  157.2 MB | PBS_Generic-Start
--------------------+---------------------+--------------+--------------------+-----------+----------------------
 00:00:08(00:00:06) |  00:00:04(00:00:04) | 100.0(100.0) |   19:20:25 (Jul24) |  726.9 MB | PBS_Generic_Opt-Post
--------------------+---------------------+--------------+--------------------+-----------+----------------------
 00:00:08(00:00:06) |  00:00:00(00:00:00) |   0.0(  0.0) |   19:20:25 (Jul24) |  726.9 MB | PBS_Generic-Postgen HBO Optimizations
--------------------+---------------------+--------------+--------------------+-----------+----------------------
 00:00:08(00:00:06) |  00:00:00(00:00:00) |   0.0(  0.0) |   19:20:25 (Jul24) |  726.9 MB | PBS_TechMap-Start
--------------------+---------------------+--------------+--------------------+-----------+----------------------
 00:00:08(00:00:06) |  00:00:00(00:00:00) |   0.0(  0.0) |   19:20:25 (Jul24) |  726.9 MB | PBS_TechMap-Premap HBO Optimizations
--------------------+---------------------+--------------+--------------------+-----------+----------------------
Number of threads: 8 * 1   (id: pbs_debug, time_info v1.57)
Info: (*N*) indicates data that was populated from previously saved time_info database
Info: CPU time includes time of parent + longest thread
Info    : Partition Based Synthesis execution skipped. [PHYS-752]
        : Design size is less than the partition size '100000' for distributed mapping optimization to kick in.
Mapper: Libraries have:
	domain _default_: 324 combo usable cells and 128 sequential usable cells
Multi-threaded Virtual Mapping    (8 threads per ST process, 8 of 32 CPUs usable)
 
Global mapping target info
==========================
Cost Group 'clk' target slack:    84 ps
Target path end-point (Pin: genblk2.multiplicador_resultado_reg[31]/d)

Multi-threaded Technology Mapping (8 threads per ST process, 8 of 32 CPUs usable)
 
Global mapping status
=====================
                                   Group   
                                  Tot Wrst 
                           Total  Weighted 
Operation                   Area   Slacks  
 global_map                 7054        0 

    Cost Group            Target    Slack    Diff.  Constr.
-----------------------------------------------------------
           clk                84       59              3000 

 
Global incremental target info
==============================
Cost Group 'clk' target slack:    56 ps
Target path end-point (Pin: genblk2.multiplicador_resultado_reg[30]/SI (SDFFRHQX1/SI))

==================================
Stage : global_incr_map 
==================================
  =================
   Message Summary
  =================
-------------------------------------------------------------------------
|    Id    |Sev  |Count |                 Message Text                  |
-------------------------------------------------------------------------
| PA-7     |Info |    6 |Resetting power analysis results.              |
|          |     |      |All computed switching activities are removed. |
| PHYS-752 |Info |    1 |Partition Based Synthesis execution skipped.   |
| SYNTH-2  |Info |    1 |Done synthesizing.                             |
| SYNTH-4  |Info |    1 |Mapping.                                       |
-------------------------------------------------------------------------
 
Global incremental optimization status
======================================
                                   Group   
                                  Tot Wrst 
                           Total  Weighted 
Operation                   Area   Slacks  
 global_incr                6409        0 

    Cost Group            Target    Slack    Diff.  Constr.
-----------------------------------------------------------
           clk                56       68              3000 


State Retention Synthesis Status
================================

Category                        Flops  Latches   Percentage
-----------------------------------------------------------
Total instances                   331        4        100.0
Excluded from State Retention     331        4        100.0
    - Will not convert            331        4        100.0
      - Preserved                   0        0          0.0
      - Power intent excluded     331        4        100.0
    - Could not convert             0        0          0.0
      - Scan type                   0        0          0.0
      - No suitable cell            0        0          0.0
State Retention instances           0        0          0.0
-----------------------------------------------------------

INFO: skipping constant propagation
PBS_Techmap-Global Mapping - Elapsed_Time 6, CPU_Time 5.622743000000003
stamp 'PBS_Techmap-Global Mapping' being created for table 'pbs_debug'

  Total Time (Wall) |  Stage Time (Wall)  |   % (Wall)   |    Date - Time     |  Memory   | Stage
--------------------+---------------------+--------------+--------------------+-----------+----------------------
 00:00:04(00:00:02) |  00:00:00(00:00:00) |   0.0(  0.0) |   19:20:21 (Jul24) |  157.2 MB | PBS_Generic-Start
--------------------+---------------------+--------------+--------------------+-----------+----------------------
 00:00:08(00:00:06) |  00:00:04(00:00:04) |  44.0( 40.0) |   19:20:25 (Jul24) |  726.9 MB | PBS_Generic_Opt-Post
--------------------+---------------------+--------------+--------------------+-----------+----------------------
 00:00:08(00:00:06) |  00:00:00(00:00:00) |   0.0(  0.0) |   19:20:25 (Jul24) |  726.9 MB | PBS_Generic-Postgen HBO Optimizations
--------------------+---------------------+--------------+--------------------+-----------+----------------------
 00:00:08(00:00:06) |  00:00:00(00:00:00) |   0.0(  0.0) |   19:20:25 (Jul24) |  726.9 MB | PBS_TechMap-Start
--------------------+---------------------+--------------+--------------------+-----------+----------------------
 00:00:08(00:00:06) |  00:00:00(00:00:00) |   0.0(  0.0) |   19:20:25 (Jul24) |  726.9 MB | PBS_TechMap-Premap HBO Optimizations
--------------------+---------------------+--------------+--------------------+-----------+----------------------
 00:00:14(00:00:12) |  00:00:05(00:00:06) |  56.0( 60.0) |   19:20:31 (Jul24) |  731.8 MB | PBS_Techmap-Global Mapping
--------------------+---------------------+--------------+--------------------+-----------+----------------------
Number of threads: 8 * 1   (id: pbs_debug, time_info v1.57)
Info: (*N*) indicates data that was populated from previously saved time_info database
Info: CPU time includes time of parent + longest thread
Info    : Wrote formal verification information. [CFM-5]
        : Wrote 'fv/ex_stage/fv_map.fv.json' for netlist 'fv/ex_stage/fv_map.v.gz'.
Info    : Wrote dofile. [CFM-1]
        : Dofile is 'fv/ex_stage/rtl_to_fv_map.do'.
        : Alias mapping flow is enabled.
PBS_TechMap-Datapath Postmap Operations - Elapsed_Time 1, CPU_Time 0.9856490000000004
stamp 'PBS_TechMap-Datapath Postmap Operations' being created for table 'pbs_debug'

  Total Time (Wall) |  Stage Time (Wall)  |   % (Wall)   |    Date - Time     |  Memory   | Stage
--------------------+---------------------+--------------+--------------------+-----------+----------------------
 00:00:04(00:00:02) |  00:00:00(00:00:00) |   0.0(  0.0) |   19:20:21 (Jul24) |  157.2 MB | PBS_Generic-Start
--------------------+---------------------+--------------+--------------------+-----------+----------------------
 00:00:08(00:00:06) |  00:00:04(00:00:04) |  40.1( 36.4) |   19:20:25 (Jul24) |  726.9 MB | PBS_Generic_Opt-Post
--------------------+---------------------+--------------+--------------------+-----------+----------------------
 00:00:08(00:00:06) |  00:00:00(00:00:00) |   0.0(  0.0) |   19:20:25 (Jul24) |  726.9 MB | PBS_Generic-Postgen HBO Optimizations
--------------------+---------------------+--------------+--------------------+-----------+----------------------
 00:00:08(00:00:06) |  00:00:00(00:00:00) |   0.0(  0.0) |   19:20:25 (Jul24) |  726.9 MB | PBS_TechMap-Start
--------------------+---------------------+--------------+--------------------+-----------+----------------------
 00:00:08(00:00:06) |  00:00:00(00:00:00) |   0.0(  0.0) |   19:20:25 (Jul24) |  726.9 MB | PBS_TechMap-Premap HBO Optimizations
--------------------+---------------------+--------------+--------------------+-----------+----------------------
 00:00:14(00:00:12) |  00:00:05(00:00:06) |  51.0( 54.5) |   19:20:31 (Jul24) |  731.8 MB | PBS_Techmap-Global Mapping
--------------------+---------------------+--------------+--------------------+-----------+----------------------
 00:00:15(00:00:13) |  00:00:00(00:00:01) |   8.9(  9.1) |   19:20:32 (Jul24) |  731.8 MB | PBS_TechMap-Datapath Postmap Operations
--------------------+---------------------+--------------+--------------------+-----------+----------------------
Number of threads: 8 * 1   (id: pbs_debug, time_info v1.57)
Info: (*N*) indicates data that was populated from previously saved time_info database
Info: CPU time includes time of parent + longest thread
PBS_TechMap-Postmap HBO Optimizations - Elapsed_Time 0, CPU_Time -0.01572199999999846
stamp 'PBS_TechMap-Postmap HBO Optimizations' being created for table 'pbs_debug'

  Total Time (Wall) |  Stage Time (Wall)  |   % (Wall)   |    Date - Time     |  Memory   | Stage
--------------------+---------------------+--------------+--------------------+-----------+----------------------
 00:00:04(00:00:02) |  00:00:00(00:00:00) |   0.0(  0.0) |   19:20:21 (Jul24) |  157.2 MB | PBS_Generic-Start
--------------------+---------------------+--------------+--------------------+-----------+----------------------
 00:00:08(00:00:06) |  00:00:04(00:00:04) |  40.2( 36.4) |   19:20:25 (Jul24) |  726.9 MB | PBS_Generic_Opt-Post
--------------------+---------------------+--------------+--------------------+-----------+----------------------
 00:00:08(00:00:06) |  00:00:00(00:00:00) |   0.0(  0.0) |   19:20:25 (Jul24) |  726.9 MB | PBS_Generic-Postgen HBO Optimizations
--------------------+---------------------+--------------+--------------------+-----------+----------------------
 00:00:08(00:00:06) |  00:00:00(00:00:00) |   0.0(  0.0) |   19:20:25 (Jul24) |  726.9 MB | PBS_TechMap-Start
--------------------+---------------------+--------------+--------------------+-----------+----------------------
 00:00:08(00:00:06) |  00:00:00(00:00:00) |   0.0(  0.0) |   19:20:25 (Jul24) |  726.9 MB | PBS_TechMap-Premap HBO Optimizations
--------------------+---------------------+--------------+--------------------+-----------+----------------------
 00:00:14(00:00:12) |  00:00:05(00:00:06) |  51.0( 54.5) |   19:20:31 (Jul24) |  731.8 MB | PBS_Techmap-Global Mapping
--------------------+---------------------+--------------+--------------------+-----------+----------------------
 00:00:15(00:00:13) |  00:00:00(00:00:01) |   8.9(  9.1) |   19:20:32 (Jul24) |  731.8 MB | PBS_TechMap-Datapath Postmap Operations
--------------------+---------------------+--------------+--------------------+-----------+----------------------
 00:00:15(00:00:13) |  00:00:00(00:00:00) |  -0.1(  0.0) |   19:20:32 (Jul24) |  731.8 MB | PBS_TechMap-Postmap HBO Optimizations
--------------------+---------------------+--------------+--------------------+-----------+----------------------
Number of threads: 8 * 1   (id: pbs_debug, time_info v1.57)
Info: (*N*) indicates data that was populated from previously saved time_info database
Info: CPU time includes time of parent + longest thread
 Doing ConstProp on design:ex_stage ... 

Time taken by ConstProp Step: 00:00:00
PBS_TechMap-Postmap Clock Gating - Elapsed_Time 0, CPU_Time 0.0
stamp 'PBS_TechMap-Postmap Clock Gating' being created for table 'pbs_debug'

  Total Time (Wall) |  Stage Time (Wall)  |   % (Wall)   |    Date - Time     |  Memory   | Stage
--------------------+---------------------+--------------+--------------------+-----------+----------------------
 00:00:04(00:00:02) |  00:00:00(00:00:00) |   0.0(  0.0) |   19:20:21 (Jul24) |  157.2 MB | PBS_Generic-Start
--------------------+---------------------+--------------+--------------------+-----------+----------------------
 00:00:08(00:00:06) |  00:00:04(00:00:04) |  40.2( 36.4) |   19:20:25 (Jul24) |  726.9 MB | PBS_Generic_Opt-Post
--------------------+---------------------+--------------+--------------------+-----------+----------------------
 00:00:08(00:00:06) |  00:00:00(00:00:00) |   0.0(  0.0) |   19:20:25 (Jul24) |  726.9 MB | PBS_Generic-Postgen HBO Optimizations
--------------------+---------------------+--------------+--------------------+-----------+----------------------
 00:00:08(00:00:06) |  00:00:00(00:00:00) |   0.0(  0.0) |   19:20:25 (Jul24) |  726.9 MB | PBS_TechMap-Start
--------------------+---------------------+--------------+--------------------+-----------+----------------------
 00:00:08(00:00:06) |  00:00:00(00:00:00) |   0.0(  0.0) |   19:20:25 (Jul24) |  726.9 MB | PBS_TechMap-Premap HBO Optimizations
--------------------+---------------------+--------------+--------------------+-----------+----------------------
 00:00:14(00:00:12) |  00:00:05(00:00:06) |  51.0( 54.5) |   19:20:31 (Jul24) |  731.8 MB | PBS_Techmap-Global Mapping
--------------------+---------------------+--------------+--------------------+-----------+----------------------
 00:00:15(00:00:13) |  00:00:00(00:00:01) |   8.9(  9.1) |   19:20:32 (Jul24) |  731.8 MB | PBS_TechMap-Datapath Postmap Operations
--------------------+---------------------+--------------+--------------------+-----------+----------------------
 00:00:15(00:00:13) |  00:00:00(00:00:00) |  -0.1(  0.0) |   19:20:32 (Jul24) |  731.8 MB | PBS_TechMap-Postmap HBO Optimizations
--------------------+---------------------+--------------+--------------------+-----------+----------------------
 00:00:15(00:00:13) |  00:00:00(00:00:00) |   0.0(  0.0) |   19:20:32 (Jul24) |  731.8 MB | PBS_TechMap-Postmap Clock Gating
--------------------+---------------------+--------------+--------------------+-----------+----------------------
Number of threads: 8 * 1   (id: pbs_debug, time_info v1.57)
Info: (*N*) indicates data that was populated from previously saved time_info database
Info: CPU time includes time of parent + longest thread
-------------------------------------------------------------------------------
 hi_fo_buf                  6408        0         0         0        0

           Trick     Calls     Accepts   Attempts    Time(secs) 
-----------------------------------------------------------
       hi_fo_buf         1  (        0 /        0 )  0.00

 
Incremental optimization status
===============================
                                   Group   
                                  Tot Wrst     Total - - DRC Totals - -
                           Total  Weighted      Neg      Max       Max 
Operation                   Area   Slacks      Slack    Trans      Cap 
 init_delay                 6408        0         0         0        0

           Trick     Calls     Accepts   Attempts    Time(secs) 
-----------------------------------------------------------
       crit_upsz         0  (        0 /        0 )  0.00
    plc_bal_star         0  (        0 /        0 )  0.00
     drc_buftimb         0  (        0 /        0 )  0.00
          plc_st         0  (        0 /        0 )  0.00
    plc_st_fence         0  (        0 /        0 )  0.00
        plc_star         0  (        0 /        0 )  0.00
      plc_laf_st         0  (        0 /        0 )  0.00
 plc_laf_st_fence         0  (        0 /        0 )  0.00
     drc_buftims         0  (        0 /        0 )  0.00
            fopt         0  (        0 /        0 )  0.00
   plc_laf_lo_st         0  (        0 /        0 )  0.00
       plc_lo_st         0  (        0 /        0 )  0.00
        mb_split         0  (        0 /        0 )  0.00

 
Local TNS optimization status
=============================
                                   Group   
                                  Tot Wrst     Total - - DRC Totals - -
                           Total  Weighted      Neg      Max       Max 
Operation                   Area   Slacks      Slack    Trans      Cap 
 init_tns                   6408        0         0         0        0

           Trick     Calls     Accepts   Attempts    Time(secs) 
-----------------------------------------------------------
    plc_bal_star         0  (        0 /        0 )  0.00
     drc_buftimb         0  (        0 /        0 )  0.00
     drc_buftims         0  (        0 /        0 )  0.00
       crit_upsz         0  (        0 /        0 )  0.00
   plc_laf_lo_st         0  (        0 /        0 )  0.00
       plc_lo_st         0  (        0 /        0 )  0.00
            fopt         0  (        0 /        0 )  0.00
       crit_dnsz         0  (        0 /        0 )  0.00
             dup         0  (        0 /        0 )  0.00
        setup_dn         0  (        0 /        0 )  0.00
        mb_split         0  (        0 /        0 )  0.00

PBS_TechMap-Postmap Cleanup - Elapsed_Time 0, CPU_Time -0.014746000000000592
stamp 'PBS_TechMap-Postmap Cleanup' being created for table 'pbs_debug'

  Total Time (Wall) |  Stage Time (Wall)  |   % (Wall)   |    Date - Time     |  Memory   | Stage
--------------------+---------------------+--------------+--------------------+-----------+----------------------
 00:00:04(00:00:02) |  00:00:00(00:00:00) |   0.0(  0.0) |   19:20:21 (Jul24) |  157.2 MB | PBS_Generic-Start
--------------------+---------------------+--------------+--------------------+-----------+----------------------
 00:00:08(00:00:06) |  00:00:04(00:00:04) |  40.2( 36.4) |   19:20:25 (Jul24) |  726.9 MB | PBS_Generic_Opt-Post
--------------------+---------------------+--------------+--------------------+-----------+----------------------
 00:00:08(00:00:06) |  00:00:00(00:00:00) |   0.0(  0.0) |   19:20:25 (Jul24) |  726.9 MB | PBS_Generic-Postgen HBO Optimizations
--------------------+---------------------+--------------+--------------------+-----------+----------------------
 00:00:08(00:00:06) |  00:00:00(00:00:00) |   0.0(  0.0) |   19:20:25 (Jul24) |  726.9 MB | PBS_TechMap-Start
--------------------+---------------------+--------------+--------------------+-----------+----------------------
 00:00:08(00:00:06) |  00:00:00(00:00:00) |   0.0(  0.0) |   19:20:25 (Jul24) |  726.9 MB | PBS_TechMap-Premap HBO Optimizations
--------------------+---------------------+--------------+--------------------+-----------+----------------------
 00:00:14(00:00:12) |  00:00:05(00:00:06) |  51.1( 54.5) |   19:20:31 (Jul24) |  731.8 MB | PBS_Techmap-Global Mapping
--------------------+---------------------+--------------+--------------------+-----------+----------------------
 00:00:15(00:00:13) |  00:00:00(00:00:01) |   9.0(  9.1) |   19:20:32 (Jul24) |  731.8 MB | PBS_TechMap-Datapath Postmap Operations
--------------------+---------------------+--------------+--------------------+-----------+----------------------
 00:00:15(00:00:13) |  00:00:00(00:00:00) |  -0.1(  0.0) |   19:20:32 (Jul24) |  731.8 MB | PBS_TechMap-Postmap HBO Optimizations
--------------------+---------------------+--------------+--------------------+-----------+----------------------
 00:00:15(00:00:13) |  00:00:00(00:00:00) |   0.0(  0.0) |   19:20:32 (Jul24) |  731.8 MB | PBS_TechMap-Postmap Clock Gating
--------------------+---------------------+--------------+--------------------+-----------+----------------------
 00:00:15(00:00:13) |  00:00:00(00:00:00) |  -0.1(  0.0) |   19:20:32 (Jul24) |  731.8 MB | PBS_TechMap-Postmap Cleanup
--------------------+---------------------+--------------+--------------------+-----------+----------------------
Number of threads: 8 * 1   (id: pbs_debug, time_info v1.57)
Info: (*N*) indicates data that was populated from previously saved time_info database
Info: CPU time includes time of parent + longest thread
PBS_Techmap-Post_MBCI - Elapsed_Time 0, CPU_Time 0.0
stamp 'PBS_Techmap-Post_MBCI' being created for table 'pbs_debug'

  Total Time (Wall) |  Stage Time (Wall)  |   % (Wall)   |    Date - Time     |  Memory   | Stage
--------------------+---------------------+--------------+--------------------+-----------+----------------------
 00:00:04(00:00:02) |  00:00:00(00:00:00) |   0.0(  0.0) |   19:20:21 (Jul24) |  157.2 MB | PBS_Generic-Start
--------------------+---------------------+--------------+--------------------+-----------+----------------------
 00:00:08(00:00:06) |  00:00:04(00:00:04) |  40.2( 36.4) |   19:20:25 (Jul24) |  726.9 MB | PBS_Generic_Opt-Post
--------------------+---------------------+--------------+--------------------+-----------+----------------------
 00:00:08(00:00:06) |  00:00:00(00:00:00) |   0.0(  0.0) |   19:20:25 (Jul24) |  726.9 MB | PBS_Generic-Postgen HBO Optimizations
--------------------+---------------------+--------------+--------------------+-----------+----------------------
 00:00:08(00:00:06) |  00:00:00(00:00:00) |   0.0(  0.0) |   19:20:25 (Jul24) |  726.9 MB | PBS_TechMap-Start
--------------------+---------------------+--------------+--------------------+-----------+----------------------
 00:00:08(00:00:06) |  00:00:00(00:00:00) |   0.0(  0.0) |   19:20:25 (Jul24) |  726.9 MB | PBS_TechMap-Premap HBO Optimizations
--------------------+---------------------+--------------+--------------------+-----------+----------------------
 00:00:14(00:00:12) |  00:00:05(00:00:06) |  51.1( 54.5) |   19:20:31 (Jul24) |  731.8 MB | PBS_Techmap-Global Mapping
--------------------+---------------------+--------------+--------------------+-----------+----------------------
 00:00:15(00:00:13) |  00:00:00(00:00:01) |   9.0(  9.1) |   19:20:32 (Jul24) |  731.8 MB | PBS_TechMap-Datapath Postmap Operations
--------------------+---------------------+--------------+--------------------+-----------+----------------------
 00:00:15(00:00:13) |  00:00:00(00:00:00) |  -0.1(  0.0) |   19:20:32 (Jul24) |  731.8 MB | PBS_TechMap-Postmap HBO Optimizations
--------------------+---------------------+--------------+--------------------+-----------+----------------------
 00:00:15(00:00:13) |  00:00:00(00:00:00) |   0.0(  0.0) |   19:20:32 (Jul24) |  731.8 MB | PBS_TechMap-Postmap Clock Gating
--------------------+---------------------+--------------+--------------------+-----------+----------------------
 00:00:15(00:00:13) |  00:00:00(00:00:00) |  -0.1(  0.0) |   19:20:32 (Jul24) |  731.8 MB | PBS_TechMap-Postmap Cleanup
--------------------+---------------------+--------------+--------------------+-----------+----------------------
 00:00:15(00:00:13) |  00:00:00(00:00:00) |   0.0(  0.0) |   19:20:32 (Jul24) |  731.8 MB | PBS_Techmap-Post_MBCI
--------------------+---------------------+--------------+--------------------+-----------+----------------------
Number of threads: 8 * 1   (id: pbs_debug, time_info v1.57)
Info: (*N*) indicates data that was populated from previously saved time_info database
Info: CPU time includes time of parent + longest thread
##>=================== Cadence Confidential (Mapping-Logical) ===================
##>Main Thread Summary:
##>----------------------------------------------------------------------------------------
##>STEP                           Elapsed       WNS       TNS     Insts      Area    Memory
##>----------------------------------------------------------------------------------------
##>M:Initial                            0         -         -      5055     15698       726
##>M:Pre Cleanup                        0         -         -      5055     15698       726
##>M:Setup                              0         -         -         -         -         -
##>M:Launch ST                          0         -         -         -         -         -
##>M:Design Partition                   0         -         -         -         -         -
##>M:Create Partition Netlists          0         -         -         -         -         -
##>M:Init Power                         0         -         -         -         -         -
##>M:Budgeting                          0         -         -         -         -         -
##>M:Derenv-DB                          0         -         -         -         -         -
##>M:Debug Outputs                      0         -         -         -         -         -
##>M:ST loading                         0         -         -         -         -         -
##>M:Distributed                        0         -         -         -         -         -
##>M:Timer                              0         -         -         -         -         -
##>M:Assembly                           0         -         -         -         -         -
##>M:DFT                                0         -         -         -         -         -
##>M:DP Operations                      1         -         -      2100      6408       731
##>M:Const Prop                         0        68         0      2100      6408       731
##>M:Cleanup                            0        78         0      2100      6407       731
##>M:MBCI                               0         -         -      2100      6407       731
##>M:Const Gate Removal                 0         -         -         -         -         -
##>M:Misc                               6
##>----------------------------------------------------------------------------------------
##>Total Elapsed                        7
##>========================================================================================
Info    : Done mapping. [SYNTH-5]
        : Done mapping 'ex_stage'.
      flow.cputime  flow.realtime  timing.setup.tns  timing.setup.wns  snapshot
UM:*                                                                   syn_map
@file(genus_script.tcl) 16: syn_opt
Info    : Incrementally optimizing. [SYNTH-7]
        : Incrementally optimizing 'ex_stage' using 'high' effort.
 
Incremental optimization status
===============================
                                   Group   
                                  Tot Wrst     Total - - DRC Totals - -
                           Total  Weighted      Neg      Max       Max 
Operation                   Area   Slacks      Slack    Trans      Cap 
 init_iopt                  6408        0         0         0        0
-------------------------------------------------------------------------------
 const_prop                 6408        0         0         0        0
 simp_cc_inputs             6388        0         0         0        0
-------------------------------------------------------------------------------
 hi_fo_buf                  6388        0         0         0        0

           Trick     Calls     Accepts   Attempts    Time(secs) 
-----------------------------------------------------------
       hi_fo_buf         1  (        0 /        0 )  0.00

 
Incremental optimization status
===============================
                                   Group   
                                  Tot Wrst     Total - - DRC Totals - -
                           Total  Weighted      Neg      Max       Max 
Operation                   Area   Slacks      Slack    Trans      Cap 
 init_delay                 6388        0         0         0        0

           Trick     Calls     Accepts   Attempts    Time(secs) 
-----------------------------------------------------------
        crit_msz         0  (        0 /        0 )  0.00
       crit_upsz         0  (        0 /        0 )  0.00
       crit_slew         0  (        0 /        0 )  0.00
        setup_dn         0  (        0 /        0 )  0.00
    plc_bal_star         0  (        0 /        0 )  0.00
     drc_buftimb         0  (        0 /        0 )  0.00
          plc_st         0  (        0 /        0 )  0.00
    plc_st_fence         0  (        0 /        0 )  0.00
        plc_star         0  (        0 /        0 )  0.00
      plc_laf_st         0  (        0 /        0 )  0.00
 plc_laf_st_fence         0  (        0 /        0 )  0.00
     drc_buftims         0  (        0 /        0 )  0.00
   plc_laf_lo_st         0  (        0 /        0 )  0.00
       plc_lo_st         0  (        0 /        0 )  0.00
            fopt         0  (        0 /        0 )  0.00
       crit_swap         0  (        0 /        0 )  0.00
       mux2_swap         0  (        0 /        0 )  0.00
       crit_dnsz         0  (        0 /        0 )  0.00
       load_swap         0  (        0 /        0 )  0.00
            fopt         0  (        0 /        0 )  0.00
        setup_dn         0  (        0 /        0 )  0.00
       load_isol         0  (        0 /        0 )  0.00
       load_isol         0  (        0 /        0 )  0.00
        move_for         0  (        0 /        0 )  0.00
        move_for         0  (        0 /        0 )  0.00
          rem_bi         0  (        0 /        0 )  0.00
         offload         0  (        0 /        0 )  0.00
          rem_bi         0  (        0 /        0 )  0.00
         offload         0  (        0 /        0 )  0.00
           phase         0  (        0 /        0 )  0.00
        in_phase         0  (        0 /        0 )  0.00
       merge_bit         0  (        0 /        0 )  0.00
     merge_idrvr         0  (        0 /        0 )  0.00
     merge_iload         0  (        0 /        0 )  0.00
    merge_idload         0  (        0 /        0 )  0.00
      merge_drvr         0  (        0 /        0 )  0.00
      merge_load         0  (        0 /        0 )  0.00
          decomp         0  (        0 /        0 )  0.00
        p_decomp         0  (        0 /        0 )  0.00
        levelize         0  (        0 /        0 )  0.00
        mb_split         0  (        0 /        0 )  0.00
             dup         0  (        0 /        0 )  0.00
      mux_retime         0  (        0 /        0 )  0.00
         buf2inv         0  (        0 /        0 )  0.00
             exp         0  (        0 /        0 )  0.00
       gate_deco         0  (        0 /        0 )  0.00
       gcomp_tim         0  (        0 /        0 )  0.00
  inv_pair_2_buf         0  (        0 /        0 )  0.00


           Trick     Calls     Accepts   Attempts    Time(secs) 
-----------------------------------------------------------
         crr_220         0  (        0 /        0 )  0.00
        crr_glob         0  (        0 /        0 )  0.00
         crr_200         0  (        0 /        0 )  0.00
        crr_glob         0  (        0 /        0 )  0.00
         crr_300         0  (        0 /        0 )  0.00
        crr_glob         0  (        0 /        0 )  0.00
         crr_400         0  (        0 /        0 )  0.00
        crr_glob         0  (        0 /        0 )  0.00
         crr_111         0  (        0 /        0 )  0.00
        crr_glob         0  (        0 /        0 )  0.00
         crr_210         0  (        0 /        0 )  0.00
        crr_glob         0  (        0 /        0 )  0.00
         crr_110         0  (        0 /        0 )  0.00
        crr_glob         0  (        0 /        0 )  0.00
         crr_101         0  (        0 /        0 )  0.00
        crr_glob         0  (        0 /        0 )  0.00
         crr_201         0  (        0 /        0 )  0.00
        crr_glob         0  (        0 /        0 )  0.00
         crr_211         0  (        0 /        0 )  0.00
        crr_glob         0  (        0 /        0 )  0.00
        crit_msz         0  (        0 /        0 )  0.00
       crit_upsz         0  (        0 /        0 )  0.00
       crit_slew         0  (        0 /        0 )  0.00
        setup_dn         0  (        0 /        0 )  0.00
    plc_bal_star         0  (        0 /        0 )  0.00
     drc_buftimb         0  (        0 /        0 )  0.00
          plc_st         0  (        0 /        0 )  0.00
    plc_st_fence         0  (        0 /        0 )  0.00
        plc_star         0  (        0 /        0 )  0.00
      plc_laf_st         0  (        0 /        0 )  0.00
 plc_laf_st_fence         0  (        0 /        0 )  0.00
     drc_buftims         0  (        0 /        0 )  0.00
       plc_lo_st         0  (        0 /        0 )  0.00
            fopt         0  (        0 /        0 )  0.00
       crit_swap         0  (        0 /        0 )  0.00
       mux2_swap         0  (        0 /        0 )  0.00
       crit_dnsz         0  (        0 /        0 )  0.00
       load_swap         0  (        0 /        0 )  0.00
            fopt         0  (        0 /        0 )  0.00
        setup_dn         0  (        0 /        0 )  0.00
       load_isol         0  (        0 /        0 )  0.00
       load_isol         0  (        0 /        0 )  0.00
        move_for         0  (        0 /        0 )  0.00
        move_for         0  (        0 /        0 )  0.00
          rem_bi         0  (        0 /        0 )  0.00
         offload         0  (        0 /        0 )  0.00
          rem_bi         0  (        0 /        0 )  0.00
         offload         0  (        0 /        0 )  0.00
       merge_bit         0  (        0 /        0 )  0.00
     merge_idrvr         0  (        0 /        0 )  0.00
     merge_iload         0  (        0 /        0 )  0.00
    merge_idload         0  (        0 /        0 )  0.00
      merge_drvr         0  (        0 /        0 )  0.00
      merge_load         0  (        0 /        0 )  0.00
           phase         0  (        0 /        0 )  0.00
          decomp         0  (        0 /        0 )  0.00
        p_decomp         0  (        0 /        0 )  0.00
        levelize         0  (        0 /        0 )  0.00
        mb_split         0  (        0 /        0 )  0.00
        in_phase         0  (        0 /        0 )  0.00
             dup         0  (        0 /        0 )  0.00
      mux_retime         0  (        0 /        0 )  0.00
         buf2inv         0  (        0 /        0 )  0.00
             exp         0  (        0 /        0 )  0.00
       gate_deco         0  (        0 /        0 )  0.00
       gcomp_tim         0  (        0 /        0 )  0.00
  inv_pair_2_buf         0  (        0 /        0 )  0.00
 init_drc                   6388        0         0         0        0

           Trick     Calls     Accepts   Attempts    Time(secs) 
-----------------------------------------------------------
          plc_st         0  (        0 /        0 )  0.00
        plc_star         0  (        0 /        0 )  0.00
        drc_bufs         0  (        0 /        0 )  0.00
        drc_fopt         0  (        0 /        0 )  0.00
        drc_bufb         0  (        0 /        0 )  0.00
      simple_buf         0  (        0 /        0 )  0.00
             dup         0  (        0 /        0 )  0.00
       crit_dnsz         0  (        0 /        0 )  0.00
       crit_upsz         0  (        0 /        0 )  0.00
       crit_slew         0  (        0 /        0 )  0.00


           Trick     Calls     Accepts   Attempts    Time(secs) 
-----------------------------------------------------------
          plc_st         0  (        0 /        0 )  0.00
        plc_star         0  (        0 /        0 )  0.00
      drc_buf_sp         0  (        0 /        0 )  0.00
        drc_bufs         0  (        0 /        0 )  0.00
        drc_fopt         0  (        0 /        0 )  0.00
        drc_bufb         0  (        0 /        0 )  0.00
      simple_buf         0  (        0 /        0 )  0.00
             dup         0  (        0 /        0 )  0.00
       crit_dnsz         0  (        0 /        0 )  0.00
       crit_upsz         0  (        0 /        0 )  0.00


           Trick     Calls     Accepts   Attempts    Time(secs) 
-----------------------------------------------------------
          plc_st         0  (        0 /        0 )  0.00
        plc_star         0  (        0 /        0 )  0.00
      drc_buf_sp         0  (        0 /        0 )  0.00
        drc_bufs         0  (        0 /        0 )  0.00
        drc_fopt         0  (        0 /        0 )  0.00
        drc_bufb         0  (        0 /        0 )  0.00
             dup         0  (        0 /        0 )  0.00
       crit_dnsz         0  (        0 /        0 )  0.00
       crit_upsz         0  (        0 /        0 )  0.00

 init_tns                   6388        0         0         0        0

           Trick     Calls     Accepts   Attempts    Time(secs) 
-----------------------------------------------------------
            fopt         0  (        0 /        0 )  0.00
    plc_bal_star         0  (        0 /        0 )  0.00
     drc_buftimb         0  (        0 /        0 )  0.00
     drc_buftims         0  (        0 /        0 )  0.00
        crit_msz         0  (        0 /        0 )  0.00
       crit_upsz         0  (        0 /        0 )  0.00
   plc_laf_lo_st         0  (        0 /        0 )  0.00
       plc_lo_st         0  (        0 /        0 )  0.00
       crit_swap         0  (        0 /        0 )  0.00
       mux2_swap         0  (        0 /        0 )  0.00
       crit_dnsz         0  (        0 /        0 )  0.00
       load_swap         0  (        0 /        0 )  0.00
            fopt         0  (        0 /        0 )  0.00
        setup_dn         0  (        0 /        0 )  0.00
       load_isol         0  (        0 /        0 )  0.00
       load_isol         0  (        0 /        0 )  0.00
        move_for         0  (        0 /        0 )  0.00
        move_for         0  (        0 /        0 )  0.00
          rem_bi         0  (        0 /        0 )  0.00
         offload         0  (        0 /        0 )  0.00
          rem_bi         0  (        0 /        0 )  0.00
         offload         0  (        0 /        0 )  0.00
       merge_bit         0  (        0 /        0 )  0.00
     merge_idrvr         0  (        0 /        0 )  0.00
     merge_iload         0  (        0 /        0 )  0.00
    merge_idload         0  (        0 /        0 )  0.00
      merge_drvr         0  (        0 /        0 )  0.00
      merge_load         0  (        0 /        0 )  0.00
           phase         0  (        0 /        0 )  0.00
          decomp         0  (        0 /        0 )  0.00
        p_decomp         0  (        0 /        0 )  0.00
        levelize         0  (        0 /        0 )  0.00
        mb_split         0  (        0 /        0 )  0.00
             dup         0  (        0 /        0 )  0.00
      mux_retime         0  (        0 /        0 )  0.00
       crr_local         0  (        0 /        0 )  0.00
         buf2inv         0  (        0 /        0 )  0.00

 init_area                  6388        0         0         0        0
 undup                      6387        0         0         0        0
 rem_buf                    6374        0         0         0        0
 rem_inv                    6372        0         0         0        0
 merge_bi                   6365        0         0         0        0
 rem_inv_qb                 6357        0         0         0        0
 seq_res_area               6355        0         0         0        0
 io_phase                   6355        0         0         0        0
 gate_comp                  6328        0         0         0        0
 glob_area                  6275        0         0         0        0
 area_down                  6234        0         0         0        0
 rem_buf                    6233        0         0         0        0
 rem_inv_qb                 6232        0         0         0        0

           Trick     Calls     Accepts   Attempts    Time(secs) 
-----------------------------------------------------------
           undup         1  (        1 /        1 )  0.00
         rem_buf        17  (        8 /        8 )  0.02
         rem_inv         7  (        2 /        2 )  0.01
        merge_bi        12  (        8 /        8 )  0.02
      rem_inv_qb        24  (        2 /        2 )  0.02
    seq_res_area        10  (        1 /        1 )  1.34
        io_phase         8  (        1 /        1 )  0.01
       gate_comp       306  (      152 /      152 )  0.42
       gcomp_mog         0  (        0 /        0 )  0.02
       glob_area        41  (       24 /       41 )  0.06
       area_down        42  (       20 /       20 )  0.13
      size_n_buf         1  (        0 /        0 )  0.01
  gate_deco_area         0  (        0 /        0 )  0.00
         rem_buf         7  (        1 /        1 )  0.01
         rem_inv         3  (        0 /        0 )  0.00
        merge_bi         4  (        0 /        0 )  0.01
      rem_inv_qb         8  (        1 /        1 )  0.01

 
Incremental optimization status
===============================
                                   Group   
                                  Tot Wrst     Total - - DRC Totals - -
                           Total  Weighted      Neg      Max       Max 
Operation                   Area   Slacks      Slack    Trans      Cap 
 init_delay                 6232        0         0         0        0

           Trick     Calls     Accepts   Attempts    Time(secs) 
-----------------------------------------------------------
         crr_220         0  (        0 /        0 )  0.00
        crr_glob         0  (        0 /        0 )  0.00
         crr_200         0  (        0 /        0 )  0.00
        crr_glob         0  (        0 /        0 )  0.00
         crr_300         0  (        0 /        0 )  0.00
        crr_glob         0  (        0 /        0 )  0.00
         crr_400         0  (        0 /        0 )  0.00
        crr_glob         0  (        0 /        0 )  0.00
         crr_111         0  (        0 /        0 )  0.00
        crr_glob         0  (        0 /        0 )  0.00
         crr_210         0  (        0 /        0 )  0.00
        crr_glob         0  (        0 /        0 )  0.00
         crr_110         0  (        0 /        0 )  0.00
        crr_glob         0  (        0 /        0 )  0.00
         crr_101         0  (        0 /        0 )  0.00
        crr_glob         0  (        0 /        0 )  0.00
         crr_201         0  (        0 /        0 )  0.00
        crr_glob         0  (        0 /        0 )  0.00
         crr_211         0  (        0 /        0 )  0.00
        crr_glob         0  (        0 /        0 )  0.00
        crit_msz         0  (        0 /        0 )  0.00
       crit_upsz         0  (        0 /        0 )  0.00
       crit_slew         0  (        0 /        0 )  0.00
        setup_dn         0  (        0 /        0 )  0.00
    plc_bal_star         0  (        0 /        0 )  0.00
     drc_buftimb         0  (        0 /        0 )  0.00
          plc_st         0  (        0 /        0 )  0.00
    plc_st_fence         0  (        0 /        0 )  0.00
        plc_star         0  (        0 /        0 )  0.00
      plc_laf_st         0  (        0 /        0 )  0.00
 plc_laf_st_fence         0  (        0 /        0 )  0.00
     drc_buftims         0  (        0 /        0 )  0.00
       plc_lo_st         0  (        0 /        0 )  0.00
            fopt         0  (        0 /        0 )  0.00
       crit_swap         0  (        0 /        0 )  0.00
       mux2_swap         0  (        0 /        0 )  0.00
       crit_dnsz         0  (        0 /        0 )  0.00
       load_swap         0  (        0 /        0 )  0.00
            fopt         0  (        0 /        0 )  0.00
        setup_dn         0  (        0 /        0 )  0.00
       load_isol         0  (        0 /        0 )  0.00
       load_isol         0  (        0 /        0 )  0.00
        move_for         0  (        0 /        0 )  0.00
        move_for         0  (        0 /        0 )  0.00
          rem_bi         0  (        0 /        0 )  0.00
         offload         0  (        0 /        0 )  0.00
          rem_bi         0  (        0 /        0 )  0.00
         offload         0  (        0 /        0 )  0.00
       merge_bit         0  (        0 /        0 )  0.00
     merge_idrvr         0  (        0 /        0 )  0.00
     merge_iload         0  (        0 /        0 )  0.00
    merge_idload         0  (        0 /        0 )  0.00
      merge_drvr         0  (        0 /        0 )  0.00
      merge_load         0  (        0 /        0 )  0.00
           phase         0  (        0 /        0 )  0.00
          decomp         0  (        0 /        0 )  0.00
        p_decomp         0  (        0 /        0 )  0.00
        levelize         0  (        0 /        0 )  0.00
        mb_split         0  (        0 /        0 )  0.00
        in_phase         0  (        0 /        0 )  0.00
             dup         0  (        0 /        0 )  0.00
      mux_retime         0  (        0 /        0 )  0.00
         buf2inv         0  (        0 /        0 )  0.00
             exp         0  (        0 /        0 )  0.00
       gate_deco         0  (        0 /        0 )  0.00
       gcomp_tim         0  (        0 /        0 )  0.00
  inv_pair_2_buf         0  (        0 /        0 )  0.00
 init_drc                   6232        0         0         0        0

           Trick     Calls     Accepts   Attempts    Time(secs) 
-----------------------------------------------------------
          plc_st         0  (        0 /        0 )  0.00
        plc_star         0  (        0 /        0 )  0.00
        drc_bufs         0  (        0 /        0 )  0.00
        drc_fopt         0  (        0 /        0 )  0.00
        drc_bufb         0  (        0 /        0 )  0.00
      simple_buf         0  (        0 /        0 )  0.00
             dup         0  (        0 /        0 )  0.00
       crit_dnsz         0  (        0 /        0 )  0.00
       crit_upsz         0  (        0 /        0 )  0.00
       crit_slew         0  (        0 /        0 )  0.00


           Trick     Calls     Accepts   Attempts    Time(secs) 
-----------------------------------------------------------
          plc_st         0  (        0 /        0 )  0.00
        plc_star         0  (        0 /        0 )  0.00
        drc_bufs         0  (        0 /        0 )  0.00
        drc_fopt         0  (        0 /        0 )  0.00
        drc_bufb         0  (        0 /        0 )  0.00
      simple_buf         0  (        0 /        0 )  0.00
             dup         0  (        0 /        0 )  0.00
       crit_dnsz         0  (        0 /        0 )  0.00
       crit_upsz         0  (        0 /        0 )  0.00


           Trick     Calls     Accepts   Attempts    Time(secs) 
-----------------------------------------------------------
          plc_st         0  (        0 /        0 )  0.00
        plc_star         0  (        0 /        0 )  0.00
        drc_bufs         0  (        0 /        0 )  0.00
        drc_fopt         0  (        0 /        0 )  0.00
        drc_bufb         0  (        0 /        0 )  0.00
             dup         0  (        0 /        0 )  0.00
       crit_dnsz         0  (        0 /        0 )  0.00
       crit_upsz         0  (        0 /        0 )  0.00

 init_tns                   6232        0         0         0        0

           Trick     Calls     Accepts   Attempts    Time(secs) 
-----------------------------------------------------------
            fopt         0  (        0 /        0 )  0.00
    plc_bal_star         0  (        0 /        0 )  0.00
     drc_buftimb         0  (        0 /        0 )  0.00
     drc_buftims         0  (        0 /        0 )  0.00
        crit_msz         0  (        0 /        0 )  0.00
       crit_upsz         0  (        0 /        0 )  0.00
   plc_laf_lo_st         0  (        0 /        0 )  0.00
       plc_lo_st         0  (        0 /        0 )  0.00
       crit_swap         0  (        0 /        0 )  0.00
       mux2_swap         0  (        0 /        0 )  0.00
       crit_dnsz         0  (        0 /        0 )  0.00
       load_swap         0  (        0 /        0 )  0.00
            fopt         0  (        0 /        0 )  0.00
        setup_dn         0  (        0 /        0 )  0.00
       load_isol         0  (        0 /        0 )  0.00
       load_isol         0  (        0 /        0 )  0.00
        move_for         0  (        0 /        0 )  0.00
        move_for         0  (        0 /        0 )  0.00
          rem_bi         0  (        0 /        0 )  0.00
         offload         0  (        0 /        0 )  0.00
          rem_bi         0  (        0 /        0 )  0.00
         offload         0  (        0 /        0 )  0.00
       merge_bit         0  (        0 /        0 )  0.00
     merge_idrvr         0  (        0 /        0 )  0.00
     merge_iload         0  (        0 /        0 )  0.00
    merge_idload         0  (        0 /        0 )  0.00
      merge_drvr         0  (        0 /        0 )  0.00
      merge_load         0  (        0 /        0 )  0.00
           phase         0  (        0 /        0 )  0.00
          decomp         0  (        0 /        0 )  0.00
        p_decomp         0  (        0 /        0 )  0.00
        levelize         0  (        0 /        0 )  0.00
        mb_split         0  (        0 /        0 )  0.00
             dup         0  (        0 /        0 )  0.00
      mux_retime         0  (        0 /        0 )  0.00
       crr_local         0  (        0 /        0 )  0.00
         buf2inv         0  (        0 /        0 )  0.00

 init_area                  6232        0         0         0        0
 gate_comp                  6232        0         0         0        0
 glob_area                  6230        0         0         0        0
 area_down                  6229        0         0         0        0

           Trick     Calls     Accepts   Attempts    Time(secs) 
-----------------------------------------------------------
           undup         0  (        0 /        0 )  0.00
         rem_buf         6  (        0 /        0 )  0.01
         rem_inv         3  (        0 /        0 )  0.00
        merge_bi         4  (        0 /        0 )  0.01
      rem_inv_qb         6  (        0 /        0 )  0.00
        io_phase         7  (        0 /        0 )  0.01
       gate_comp       132  (        5 /        5 )  0.17
       gcomp_mog         0  (        0 /        0 )  0.01
       glob_area        31  (        4 /       31 )  0.04
       area_down        35  (        2 /        2 )  0.09
      size_n_buf         1  (        0 /        0 )  0.00
  gate_deco_area         0  (        0 /        0 )  0.00

 
Incremental optimization status
===============================
                                   Group   
                                  Tot Wrst     Total - - DRC Totals - -
                           Total  Weighted      Neg      Max       Max 
Operation                   Area   Slacks      Slack    Trans      Cap 
 init_delay                 6229        0         0         0        0

           Trick     Calls     Accepts   Attempts    Time(secs) 
-----------------------------------------------------------
        crit_msz         0  (        0 /        0 )  0.00
       crit_upsz         0  (        0 /        0 )  0.00
       crit_slew         0  (        0 /        0 )  0.00
        setup_dn         0  (        0 /        0 )  0.00
    plc_bal_star         0  (        0 /        0 )  0.00
     drc_buftimb         0  (        0 /        0 )  0.00
          plc_st         0  (        0 /        0 )  0.00
    plc_st_fence         0  (        0 /        0 )  0.00
        plc_star         0  (        0 /        0 )  0.00
      plc_laf_st         0  (        0 /        0 )  0.00
 plc_laf_st_fence         0  (        0 /        0 )  0.00
     drc_buftims         0  (        0 /        0 )  0.00
   plc_laf_lo_st         0  (        0 /        0 )  0.00
       plc_lo_st         0  (        0 /        0 )  0.00
            fopt         0  (        0 /        0 )  0.00
       crit_swap         0  (        0 /        0 )  0.00
       mux2_swap         0  (        0 /        0 )  0.00
       crit_dnsz         0  (        0 /        0 )  0.00
       load_swap         0  (        0 /        0 )  0.00
            fopt         0  (        0 /        0 )  0.00
        setup_dn         0  (        0 /        0 )  0.00
       load_isol         0  (        0 /        0 )  0.00
       load_isol         0  (        0 /        0 )  0.00
        move_for         0  (        0 /        0 )  0.00
        move_for         0  (        0 /        0 )  0.00
          rem_bi         0  (        0 /        0 )  0.00
         offload         0  (        0 /        0 )  0.00
          rem_bi         0  (        0 /        0 )  0.00
         offload         0  (        0 /        0 )  0.00
           phase         0  (        0 /        0 )  0.00
        in_phase         0  (        0 /        0 )  0.00
       merge_bit         0  (        0 /        0 )  0.00
     merge_idrvr         0  (        0 /        0 )  0.00
     merge_iload         0  (        0 /        0 )  0.00
    merge_idload         0  (        0 /        0 )  0.00
      merge_drvr         0  (        0 /        0 )  0.00
      merge_load         0  (        0 /        0 )  0.00
          decomp         0  (        0 /        0 )  0.00
        p_decomp         0  (        0 /        0 )  0.00
        levelize         0  (        0 /        0 )  0.00
        mb_split         0  (        0 /        0 )  0.00
             dup         0  (        0 /        0 )  0.00
      mux_retime         0  (        0 /        0 )  0.00
         buf2inv         0  (        0 /        0 )  0.00
             exp         0  (        0 /        0 )  0.00
       gate_deco         0  (        0 /        0 )  0.00
       gcomp_tim         0  (        0 /        0 )  0.00
  inv_pair_2_buf         0  (        0 /        0 )  0.00

 init_drc                   6229        0         0         0        0

           Trick     Calls     Accepts   Attempts    Time(secs) 
-----------------------------------------------------------
          plc_st         0  (        0 /        0 )  0.00
        plc_star         0  (        0 /        0 )  0.00
        drc_bufs         0  (        0 /        0 )  0.00
        drc_fopt         0  (        0 /        0 )  0.00
        drc_bufb         0  (        0 /        0 )  0.00
      simple_buf         0  (        0 /        0 )  0.00
             dup         0  (        0 /        0 )  0.00
       crit_dnsz         0  (        0 /        0 )  0.00
       crit_upsz         0  (        0 /        0 )  0.00
       crit_slew         0  (        0 /        0 )  0.00


           Trick     Calls     Accepts   Attempts    Time(secs) 
-----------------------------------------------------------
          plc_st         0  (        0 /        0 )  0.00
        plc_star         0  (        0 /        0 )  0.00
        drc_bufs         0  (        0 /        0 )  0.00
        drc_fopt         0  (        0 /        0 )  0.00
        drc_bufb         0  (        0 /        0 )  0.00
      simple_buf         0  (        0 /        0 )  0.00
             dup         0  (        0 /        0 )  0.00
       crit_dnsz         0  (        0 /        0 )  0.00
       crit_upsz         0  (        0 /        0 )  0.00


           Trick     Calls     Accepts   Attempts    Time(secs) 
-----------------------------------------------------------
          plc_st         0  (        0 /        0 )  0.00
        plc_star         0  (        0 /        0 )  0.00
        drc_bufs         0  (        0 /        0 )  0.00
        drc_fopt         0  (        0 /        0 )  0.00
        drc_bufb         0  (        0 /        0 )  0.00
             dup         0  (        0 /        0 )  0.00
       crit_dnsz         0  (        0 /        0 )  0.00
       crit_upsz         0  (        0 /        0 )  0.00

==================================
Stage : incr_opt 
==================================
  =================
   Message Summary
  =================
------------------------------------------------------------------------
|   Id    |Sev  |Count |                 Message Text                  |
------------------------------------------------------------------------
| CFM-1   |Info |    1 |Wrote dofile.                                  |
| CFM-5   |Info |    1 |Wrote formal verification information.         |
| PA-7    |Info |    4 |Resetting power analysis results.              |
|         |     |      |All computed switching activities are removed. |
| SYNTH-5 |Info |    1 |Done mapping.                                  |
| SYNTH-7 |Info |    1 |Incrementally optimizing.                      |
------------------------------------------------------------------------
Info    : Done incrementally optimizing. [SYNTH-8]
        : Done incrementally optimizing 'ex_stage'.
      flow.cputime  flow.realtime  timing.setup.tns  timing.setup.wns  snapshot
UM:*                                                                   syn_opt
@file(genus_script.tcl) 19: report_timing > reports/report_timing.rpt
@file(genus_script.tcl) 20: report_power  > reports/report_power.rpt
Warning: Library 'slow_vdd1v0' found in multiple domains.
Info: Use -domain to uniquify.
Info: Selecting library 'slow_vdd1v0' in domain '-1'
Info    : Joules engine is used. [RPT-16]
        : Joules engine is being used for the command report_power.
Info   : ACTP-0001 [ACTPInfo] Activity propagation started for stim#0 netlist
       : ex_stage
Info   : ACTP-0009 [ACTPInfo] Activity Propagation Progress Report :   0%   1%   2%   3%   4%   5%   6%   7%   8%   9%  10%  11%  12%  13%  14%  15%  16%  17%  18%  19%  20%  21%  22%  23%  24%  25%  26%  27%  28%  29%  30%  31%  32%  33%  34%  35%  36%  37%  38%  39%  40%  41%  42%  43%  44%  45%  46%  47%  48%  49%  50%  51%  52%  53%  54%  55%  56%  57%  58%  59%  60%  61%  62%  63%  64%  65%  66%  67%  68%  69%  70%  71%  72%  73%  74%  75%  76%  77%  78%  79%  80%  81%  82%  83%  84%  85%  86%  87%  88%  89%  90%  91%  92%  93%  94%  95%  96%  97%  98%  99% 100%
Info   : ACTP-0001 Activity propagation ended for stim#0
Info   : PWRA-0001 [PwrInfo] compute_power effective options 
       : -mode : vectorless
       : -skip_propagation : 1
       : -frequency_scaling_factor : 1.0
       : -use_clock_freq : stim
       : -stim :/stim#0
       : -fromGenus : 1
Info   : ACTP-0001 Timing initialization started
Info   : ACTP-0001 Timing initialization ended
Info   : PWRA-0002 [PwrInfo] Skipping activity propagation due to -skip_ap
       : option....
Warning: PWRA-0302 [PwrWarn] Frequency scaling is not applicable for vectorless
       : flow. Ignoring frequency scaling.
Warning: PWRA-0304 [PwrWarn] -stim option is not applicable with vectorless mode
       : of power analysis, ignored this option.
Info   : PWRA-0002 Started 'vectorless' power computation.
Info   : PWRA-0009 [PwrInfo] Power Computation Progress Report :   0%   1%   2%   3%   4%   5%   6%   7%   8%   9%  10%  11%  12%  13%  14%  15%  16%  17%  18%  19%  20%  21%  22%  23%  24%  25%  26%  27%  28%  29%  30%  31%  32%  33%  34%  35%  36%  37%  38%  39%  40%  41%  42%  43%  44%  45%  46%  47%  48%  49%  50%  51%  52%  53%  54%  55%  56%  57%  58%  59%  60%  61%  62%  63%  64%  65%  66%  67%  68%  69%  70%  71%  72%  73%  74%  75%  76%  77%  78%  79%  80%  81%  82%  83%  84%  85%  86%  87%  88%  89%  90%  91%  92%  93%  94%  95%  96%  97%  98%  99% 100%
Info   : PWRA-0002 Finished power computation.
Info   : PWRA-0007 [PwrInfo] Completed successfully.
       : Info=6, Warn=2, Error=0, Fatal=0
Output file: reports/report_power.rpt
@file(genus_script.tcl) 21: report_area   > reports/report_area.rpt
@file(genus_script.tcl) 22: report_qor    > reports/report_qor.rpt
@file(genus_script.tcl) 27: write_hdl > outputs/multi_netlist.v
@file(genus_script.tcl) 28: write_sdc > outputs/multi_sdc.sdc
Finished SDC export (command execution time mm:ss (real) = 00:00).
@file(genus_script.tcl) 29: write_sdf -timescale ns -nonegchecks -recrem split -edges check_edge  -setuphold split > outputs/delays.sdf
#@ End verbose source ./genus_script.tcl
WARNING: This version of the tool is 786 days old.
